keyword,cluster,intent,language,priority,target_url,coverage,exam_ids,basis
exam upload kit,brand,navigational,en,1,/,prepares,,the site itself
exam upload kit photo resize,brand,navigational,en,1,/,prepares,,the site itself
examuploadkit,brand,navigational,en,1,/,prepares,,the site itself
examuploadkit.com,brand,navigational,en,1,/,prepares,,the site itself
compress image to 100kb,compress-image-to-size,tool,en,1,/compress-image,prepares,,"the compress-to-size tool, in the browser"
compress image to 200kb,compress-image-to-size,tool,en,1,/compress-image,prepares,,"the compress-to-size tool, in the browser"
compress image to 20kb,compress-image-to-size,tool,en,1,/compress-image,prepares,,"the compress-to-size tool, in the browser"
compress image to 50kb,compress-image-to-size,tool,en,1,/compress-image,prepares,,"the compress-to-size tool, in the browser"
compress jpg to 100kb,compress-image-to-size,tool,en,1,/compress-image,prepares,,"the compress-to-size tool, in the browser"
compress jpg to 200kb,compress-image-to-size,tool,en,1,/compress-image,prepares,,"the compress-to-size tool, in the browser"
compress jpg to 20kb,compress-image-to-size,tool,en,1,/compress-image,prepares,,"the compress-to-size tool, in the browser"
compress jpg to 50kb,compress-image-to-size,tool,en,1,/compress-image,prepares,,"the compress-to-size tool, in the browser"
compress photo to 20kb,compress-image-to-size,tool,en,1,/compress-image,prepares,,"the compress-to-size tool, in the browser"
compress signature to 200kb,compress-image-to-size,tool,en,1,/compress-image,prepares,,"the compress-to-size tool, in the browser"
reduce image size to 100kb,compress-image-to-size,tool,en,1,/compress-image,prepares,,"the compress-to-size tool, in the browser"
reduce image size to 200kb,compress-image-to-size,tool,en,1,/compress-image,prepares,,"the compress-to-size tool, in the browser"
reduce image size to 20kb,compress-image-to-size,tool,en,1,/compress-image,prepares,,"the compress-to-size tool, in the browser"
reduce image size to 50kb,compress-image-to-size,tool,en,1,/compress-image,prepares,,"the compress-to-size tool, in the browser"
reduce jpg size to 100kb,compress-image-to-size,tool,en,1,/compress-image,prepares,,"the compress-to-size tool, in the browser"
reduce jpg size to 200kb,compress-image-to-size,tool,en,1,/compress-image,prepares,,"the compress-to-size tool, in the browser"
reduce jpg size to 20kb,compress-image-to-size,tool,en,1,/compress-image,prepares,,"the compress-to-size tool, in the browser"
reduce jpg size to 50kb,compress-image-to-size,tool,en,1,/compress-image,prepares,,"the compress-to-size tool, in the browser"
reduce photo size to 100kb,compress-image-to-size,tool,en,1,/compress-image,prepares,,"the compress-to-size tool, in the browser"
reduce photo size to 200kb,compress-image-to-size,tool,en,1,/compress-image,prepares,,"the compress-to-size tool, in the browser"
reduce photo size to 20kb,compress-image-to-size,tool,en,1,/compress-image,prepares,,"the compress-to-size tool, in the browser"
reduce photo size to 50kb,compress-image-to-size,tool,en,1,/compress-image,prepares,,"the compress-to-size tool, in the browser"
reduce signature size to 100kb,compress-image-to-size,tool,en,1,/compress-image,prepares,,"the compress-to-size tool, in the browser"
reduce signature size to 200kb,compress-image-to-size,tool,en,1,/compress-image,prepares,,"the compress-to-size tool, in the browser"
reduce signature size to 20kb,compress-image-to-size,tool,en,1,/compress-image,prepares,,"the compress-to-size tool, in the browser"
reduce signature size to 50kb,compress-image-to-size,tool,en,1,/compress-image,prepares,,"the compress-to-size tool, in the browser"
compress pdf to 100kb,compress-pdf-to-size,tool,en,1,/compress-pdf,prepares,,"the compress-a-PDF tool, in the browser (DEC-098)"
compress pdf to 200kb,compress-pdf-to-size,tool,en,1,/compress-pdf,prepares,,"the compress-a-PDF tool, in the browser (DEC-098)"
compress pdf to 500kb,compress-pdf-to-size,tool,en,1,/compress-pdf,prepares,,"the compress-a-PDF tool, in the browser (DEC-098)"
reduce pdf size to 100kb,compress-pdf-to-size,tool,en,1,/compress-pdf,prepares,,"the compress-a-PDF tool, in the browser (DEC-098)"
reduce pdf size to 200kb,compress-pdf-to-size,tool,en,1,/compress-pdf,prepares,,"the compress-a-PDF tool, in the browser (DEC-098)"
reduce pdf size to 500kb,compress-pdf-to-size,tool,en,1,/compress-pdf,prepares,,"the compress-a-PDF tool, in the browser (DEC-098)"
adre grade iii photo and signature size,exam-application,informational,en,1,/exam/assam-direct-recruitment-grade-iii/rules,explains,assam-direct-recruitment-grade-iii,record assam-direct-recruitment-grade-iii
adre grade iv photo and signature size,exam-application,informational,en,1,/exam/assam-direct-recruitment-grade-iv/rules,explains,assam-direct-recruitment-grade-iv,record assam-direct-recruitment-grade-iv
agnipath photo and signature size,exam-application,informational,en,1,/exam/indian-army-agniveer-cee-2025-26-online-upload/rules,explains,indian-army-agniveer-cee-2025-26-online-upload|indian-army-agniveer-recruitment,record indian-army-agniveer-cee-2025-26-online-upload
agniveer cee photo and signature size,exam-application,informational,en,1,/exam/indian-army-agniveer-cee-2025-26-online-upload/rules,explains,indian-army-agniveer-cee-2025-26-online-upload,record indian-army-agniveer-cee-2025-26-online-upload
agniveer photo and signature size,exam-application,informational,en,1,/exam/indian-army-agniveer-cee-2025-26-online-upload/rules,explains,indian-army-agniveer-cee-2025-26-online-upload|indian-army-agniveer-recruitment|indian-air-force-agniveervayu-recruitment|indian-army-agniveer-cee-2025-26-online-upload|indian-army-agniveer-recruitment|upsc-combined-defence-services-examination-ii-2026|upsc-nda-na-examination-ii-2026,record indian-army-agniveer-cee-2025-26-online-upload
agniveervayu photo and signature size,exam-application,informational,en,1,/exam/indian-air-force-agniveervayu-recruitment/rules,explains,indian-air-force-agniveervayu-recruitment,record indian-air-force-agniveervayu-recruitment
aima mat photo and signature size,exam-application,informational,en,1,/exam/management-aptitude-test-2026/rules,explains,management-aptitude-test-2026,record management-aptitude-test-2026
air force agniveer photo and signature size,exam-application,informational,en,1,/exam/indian-air-force-agniveervayu-recruitment/rules,explains,indian-air-force-agniveervayu-recruitment,record indian-air-force-agniveervayu-recruitment
aissee photo and signature size,exam-application,informational,en,1,/exam/all-india-sainik-schools-entrance-examination/rules,explains,all-india-sainik-schools-entrance-examination,record all-india-sainik-schools-entrance-examination
ap dsc photo and signature size,exam-application,informational,en,1,/exam/ap-mega-dsc-teacher-recruitment/rules,explains,ap-mega-dsc-teacher-recruitment,record ap-mega-dsc-teacher-recruitment
ap forest beat officer photo and signature size,exam-application,informational,en,1,/exam/appsc-forest-beat-officer-assistant-beat-officer-2025/rules,explains,appsc-forest-beat-officer-assistant-beat-officer-2025,record appsc-forest-beat-officer-assistant-beat-officer-2025
ap group i photo and signature size,exam-application,informational,en,1,/exam/appsc-group-i-services-examination/rules,explains,appsc-group-i-services-examination,record appsc-group-i-services-examination
ap group ii photo and signature size,exam-application,informational,en,1,/exam/appsc-group-ii-services-examination/rules,explains,appsc-group-ii-services-examination,record appsc-group-ii-services-examination
ap polytechnic photo and signature size,exam-application,informational,en,1,/exam/ap-polycet/rules,explains,ap-polycet,record ap-polycet
ap teacher recruitment photo and signature size,exam-application,informational,en,1,/exam/ap-mega-dsc-teacher-recruitment/rules,explains,ap-mega-dsc-teacher-recruitment,record ap-mega-dsc-teacher-recruitment
appsc fbo photo and signature size,exam-application,informational,en,1,/exam/appsc-forest-beat-officer-assistant-beat-officer-2025/rules,explains,appsc-forest-beat-officer-assistant-beat-officer-2025,record appsc-forest-beat-officer-assistant-beat-officer-2025
appsc group 1 photo and signature size,exam-application,informational,en,1,/exam/appsc-group-i-services-examination/rules,explains,appsc-group-i-services-examination,record appsc-group-i-services-examination
appsc group 2 photo and signature size,exam-application,informational,en,1,/exam/appsc-group-ii-services-examination/rules,explains,appsc-group-ii-services-examination,record appsc-group-ii-services-examination
army agniveer photo and signature size,exam-application,informational,en,1,/exam/indian-army-agniveer-cee-2025-26-online-upload/rules,explains,indian-army-agniveer-cee-2025-26-online-upload|indian-army-agniveer-recruitment,record indian-army-agniveer-cee-2025-26-online-upload
assam adre photo and signature size,exam-application,informational,en,1,/exam/assam-direct-recruitment-grade-iii/rules,explains,assam-direct-recruitment-grade-iii,record assam-direct-recruitment-grade-iii
assam grade 3 photo and signature size,exam-application,informational,en,1,/exam/assam-direct-recruitment-grade-iii/rules,explains,assam-direct-recruitment-grade-iii,record assam-direct-recruitment-grade-iii
assam grade 4 photo and signature size,exam-application,informational,en,1,/exam/assam-direct-recruitment-grade-iv/rules,explains,assam-direct-recruitment-grade-iv,record assam-direct-recruitment-grade-iv
bihar bed cet photo and signature size,exam-application,informational,en,1,/exam/bihar-b-ed-common-entrance-test/rules,explains,bihar-b-ed-common-entrance-test,record bihar-b-ed-common-entrance-test
bihar bed photo and signature size,exam-application,informational,en,1,/exam/bihar-b-ed-common-entrance-test/rules,explains,bihar-b-ed-common-entrance-test,record bihar-b-ed-common-entrance-test
bihar deled photo and signature size,exam-application,informational,en,1,/exam/bihar-d-el-ed-joint-entrance-examination/rules,explains,bihar-d-el-ed-joint-entrance-examination,record bihar-d-el-ed-joint-entrance-examination
bihar police constable photo and signature size,exam-application,informational,en,1,/exam/bihar-police-constable-recruitment/rules,explains,bihar-police-constable-recruitment,record bihar-police-constable-recruitment
bihar police photo and signature size,exam-application,informational,en,1,/exam/bihar-police-constable-recruitment/rules,explains,bihar-police-constable-recruitment,record bihar-police-constable-recruitment
bihar stet photo and signature size,exam-application,informational,en,1,/exam/bihar-secondary-teacher-eligibility-test/rules,explains,bihar-secondary-teacher-eligibility-test,record bihar-secondary-teacher-eligibility-test
bits pilani photo and signature size,exam-application,informational,en,1,/exam/bits-admission-test/rules,explains,bits-admission-test,record bits-admission-test
bitsat photo and signature size,exam-application,informational,en,1,/exam/bits-admission-test/rules,explains,bits-admission-test,record bits-admission-test
bseb deled photo and signature size,exam-application,informational,en,1,/exam/bihar-d-el-ed-joint-entrance-examination/rules,explains,bihar-d-el-ed-joint-entrance-examination,record bihar-d-el-ed-joint-entrance-examination
bseb stet photo and signature size,exam-application,informational,en,1,/exam/bihar-secondary-teacher-eligibility-test/rules,explains,bihar-secondary-teacher-eligibility-test,record bihar-secondary-teacher-eligibility-test
bstc photo and signature size,exam-application,informational,en,1,/exam/rajasthan-pre-d-el-ed-examination-bstc/rules,explains,rajasthan-pre-d-el-ed-examination-bstc,record rajasthan-pre-d-el-ed-examination-bstc
ca foundation photo and signature size,exam-application,informational,en,1,/exam/icai-examination-portal/rules,explains,icai-examination-portal,record icai-examination-portal
ca intermediate photo and signature size,exam-application,informational,en,1,/exam/icai-examination-portal/rules,explains,icai-examination-portal,record icai-examination-portal
ca photo and signature size,exam-application,informational,en,1,/exam/icai-examination-portal/rules,explains,icai-examination-portal,record icai-examination-portal
capf ac 2026 photo and signature size,exam-application,informational,en,1,/exam/upsc-capf-assistant-commandants-examination-2026/rules,explains,upsc-capf-assistant-commandants-examination-2026,record upsc-capf-assistant-commandants-examination-2026
capf ac photo and signature size,exam-application,informational,en,1,/exam/upsc-capf-assistant-commandants-examination-2026/rules,explains,upsc-capf-assistant-commandants-examination-2026,record upsc-capf-assistant-commandants-examination-2026
capf photo and signature size,exam-application,informational,en,1,/exam/upsc-capf-assistant-commandants-examination-2026/rules,explains,upsc-capf-assistant-commandants-examination-2026,record upsc-capf-assistant-commandants-examination-2026
cat 2025 photo and signature size,exam-application,informational,en,1,/exam/common-admission-test-2025/rules,explains,common-admission-test-2025,record common-admission-test-2025
cat photo and signature size,exam-application,informational,en,1,/exam/common-admission-test-2025/rules,explains,common-admission-test-2025,record common-admission-test-2025
cds ii 2026 photo and signature size,exam-application,informational,en,1,/exam/upsc-combined-defence-services-examination-ii-2026/rules,explains,upsc-combined-defence-services-examination-ii-2026,record upsc-combined-defence-services-examination-ii-2026
cds photo and signature size,exam-application,informational,en,1,/exam/upsc-combined-defence-services-examination-ii-2026/rules,explains,upsc-combined-defence-services-examination-ii-2026,record upsc-combined-defence-services-examination-ii-2026
central armed police forces photo and signature size,exam-application,informational,en,1,/exam/upsc-capf-assistant-commandants-examination-2026/rules,explains,upsc-capf-assistant-commandants-examination-2026,record upsc-capf-assistant-commandants-examination-2026
central teacher eligibility test photo and signature size,exam-application,informational,en,1,/exam/ctet-september-2026/rules,explains,ctet-september-2026,record ctet-september-2026
cg pre bed photo and signature size,exam-application,informational,en,1,/exam/cg-vyapam-pre-b-ed-entrance-examination/rules,explains,cg-vyapam-pre-b-ed-entrance-examination,record cg-vyapam-pre-b-ed-entrance-examination
cg vyapam bed photo and signature size,exam-application,informational,en,1,/exam/cg-vyapam-pre-b-ed-entrance-examination/rules,explains,cg-vyapam-pre-b-ed-entrance-examination,record cg-vyapam-pre-b-ed-entrance-examination
cgl photo and signature size,exam-application,informational,en,1,/exam/ssc-combined-graduate-level-examination-2026-live-capture/rules,explains,ssc-combined-graduate-level-examination-2026-live-capture,record ssc-combined-graduate-level-examination-2026-live-capture
chsl photo and signature size,exam-application,informational,en,1,/exam/ssc-combined-higher-secondary-10-2-level-examination-2025-live-capture/rules,explains,ssc-combined-higher-secondary-10-2-level-examination-2025-live-capture,record ssc-combined-higher-secondary-10-2-level-examination-2025-live-capture
civil services examination photo and signature size,exam-application,informational,en,1,/exam/upsc-civil-services-examination-2026/rules,explains,upsc-civil-services-examination-2026,record upsc-civil-services-examination-2026
combined defence services photo and signature size,exam-application,informational,en,1,/exam/upsc-combined-defence-services-examination-ii-2026/rules,explains,upsc-combined-defence-services-examination-ii-2026,record upsc-combined-defence-services-examination-ii-2026
common university entrance test pg photo and signature size,exam-application,informational,en,1,/exam/cuet-pg-2026/rules,explains,cuet-pg-2026,record cuet-pg-2026
common university entrance test photo and signature size,exam-application,informational,en,1,/exam/cuet-ug-2026/rules,explains,cuet-ug-2026,record cuet-ug-2026
company secretary photo and signature size,exam-application,informational,en,1,/exam/icsi-student-registration-and-examination/rules,explains,icsi-student-registration-and-examination,record icsi-student-registration-and-examination
cs photo and signature size,exam-application,informational,en,1,/exam/icsi-student-registration-and-examination/rules,explains,icsi-student-registration-and-examination,record icsi-student-registration-and-examination
csbc bihar police photo and signature size,exam-application,informational,en,1,/exam/bihar-police-constable-recruitment/rules,explains,bihar-police-constable-recruitment,record bihar-police-constable-recruitment
cse 2026 photo and signature size,exam-application,informational,en,1,/exam/upsc-civil-services-examination-2026/rules,explains,upsc-civil-services-examination-2026,record upsc-civil-services-examination-2026
cse photo and signature size,exam-application,informational,en,1,/exam/upsc-civil-services-examination-2026/rules,explains,upsc-civil-services-examination-2026,record upsc-civil-services-examination-2026
csir net photo and signature size,exam-application,informational,en,1,/exam/joint-csir-ugc-net/rules,explains,joint-csir-ugc-net,record joint-csir-ugc-net
csir ugc net photo and signature size,exam-application,informational,en,1,/exam/joint-csir-ugc-net/rules,explains,joint-csir-ugc-net,record joint-csir-ugc-net
ctet photo and signature size,exam-application,informational,en,1,/exam/ctet-september-2026/rules,explains,ctet-september-2026,record ctet-september-2026
cuet pg photo and signature size,exam-application,informational,en,1,/exam/cuet-pg-2026/rules,explains,cuet-pg-2026,record cuet-pg-2026
cuet photo and signature size,exam-application,informational,en,1,/exam/cuet-ug-2026/rules,explains,cuet-ug-2026,record cuet-ug-2026
cuet ug photo and signature size,exam-application,informational,en,1,/exam/cuet-ug-2026/rules,explains,cuet-ug-2026,record cuet-ug-2026
delhi sssb photo and signature size,exam-application,informational,en,1,/exam/dsssb-recruitment-examinations/rules,explains,dsssb-recruitment-examinations,record dsssb-recruitment-examinations
dsssb photo and signature size,exam-application,informational,en,1,/exam/dsssb-recruitment-examinations/rules,explains,dsssb-recruitment-examinations,record dsssb-recruitment-examinations
eamcet photo and signature size,exam-application,informational,en,1,/exam/tg-eapcet/rules,explains,tg-eapcet,record tg-eapcet
engineering services examination photo and signature size,exam-application,informational,en,1,/exam/upsc-engineering-services-examination/rules,explains,upsc-engineering-services-examination,record upsc-engineering-services-examination
ese photo and signature size,exam-application,informational,en,1,/exam/upsc-engineering-services-examination/rules,explains,upsc-engineering-services-examination,record upsc-engineering-services-examination
gate photo and signature size,exam-application,informational,en,1,/exam/gate-2026/rules,explains,gate-2026,record gate-2026
gd constable photo and signature size,exam-application,informational,en,1,/exam/ssc-constable-gd-examination-2025-live-capture/rules,explains,ssc-constable-gd-examination-2025-live-capture,record ssc-constable-gd-examination-2025-live-capture
gic am photo and signature size,exam-application,informational,en,1,/exam/gic-assistant-manager-2024-25/rules,explains,gic-assistant-manager-2024-25,record gic-assistant-manager-2024-25
graduate aptitude test in engineering photo and signature size,exam-application,informational,en,1,/exam/gate-2026/rules,explains,gate-2026,record gate-2026
gujarat cet photo and signature size,exam-application,informational,en,1,/exam/gujcet/rules,explains,gujcet,record gujcet
gujarat common entrance test photo and signature size,exam-application,informational,en,1,/exam/gujcet/rules,explains,gujcet,record gujcet
gujarat lokrakshak photo and signature size,exam-application,informational,en,1,/exam/gujarat-police-lokrakshak-recruitment/rules,explains,gujarat-police-lokrakshak-recruitment,record gujarat-police-lokrakshak-recruitment
gujarat police constable photo and signature size,exam-application,informational,en,1,/exam/gujarat-police-lokrakshak-recruitment/rules,explains,gujarat-police-lokrakshak-recruitment,record gujarat-police-lokrakshak-recruitment
gujarat police sub inspector photo and signature size,exam-application,informational,en,1,/exam/gujarat-police-psi-recruitment/rules,explains,gujarat-police-psi-recruitment,record gujarat-police-psi-recruitment
gujarat psi photo and signature size,exam-application,informational,en,1,/exam/gujarat-police-psi-recruitment/rules,explains,gujarat-police-psi-recruitment,record gujarat-police-psi-recruitment
haryana cet group d photo and signature size,exam-application,informational,en,1,/exam/hssc-cet-group-d/rules,explains,hssc-cet-group-d,record hssc-cet-group-d
haryana group c photo and signature size,exam-application,informational,en,1,/exam/haryana-cet-group-c/rules,explains,haryana-cet-group-c,record haryana-cet-group-c
haryana tet photo and signature size,exam-application,informational,en,1,/exam/haryana-teacher-eligibility-test/rules,explains,haryana-teacher-eligibility-test,record haryana-teacher-eligibility-test
hssc cet group c photo and signature size,exam-application,informational,en,1,/exam/haryana-cet-group-c/rules,explains,haryana-cet-group-c,record haryana-cet-group-c
hssc group d photo and signature size,exam-application,informational,en,1,/exam/hssc-cet-group-d/rules,explains,hssc-cet-group-d,record hssc-cet-group-d
htet photo and signature size,exam-application,informational,en,1,/exam/haryana-teacher-eligibility-test/rules,explains,haryana-teacher-eligibility-test,record haryana-teacher-eligibility-test
iaf agniveer photo and signature size,exam-application,informational,en,1,/exam/indian-air-force-agniveervayu-recruitment/rules,explains,indian-air-force-agniveervayu-recruitment,record indian-air-force-agniveervayu-recruitment
ias photo and signature size,exam-application,informational,en,1,/exam/upsc-civil-services-examination-2026/rules,explains,upsc-civil-services-examination-2026,record upsc-civil-services-examination-2026
ibps clerical photo and signature size,exam-application,informational,en,1,/exam/ibps-crp-customer-service-associates-xv/rules,explains,ibps-crp-customer-service-associates-xv,record ibps-crp-customer-service-associates-xv
ibps clerk photo and signature size,exam-application,informational,en,1,/exam/ibps-crp-customer-service-associates-xv/rules,explains,ibps-crp-customer-service-associates-xv,record ibps-crp-customer-service-associates-xv
ibps crp po photo and signature size,exam-application,informational,en,1,/exam/ibps-crp-po-mt-xvi/rules,explains,ibps-crp-po-mt-xvi,record ibps-crp-po-mt-xvi
ibps csa photo and signature size,exam-application,informational,en,1,/exam/ibps-crp-customer-service-associates-xv/rules,explains,ibps-crp-customer-service-associates-xv,record ibps-crp-customer-service-associates-xv
ibps po mt photo and signature size,exam-application,informational,en,1,/exam/ibps-crp-po-mt-xvi/rules,explains,ibps-crp-po-mt-xvi,record ibps-crp-po-mt-xvi
ibps po photo and signature size,exam-application,informational,en,1,/exam/ibps-crp-po-mt-xvi/rules,explains,ibps-crp-po-mt-xvi,record ibps-crp-po-mt-xvi
ibps regional rural banks photo and signature size,exam-application,informational,en,1,/exam/ibps-crp-regional-rural-banks-xiv/rules,explains,ibps-crp-regional-rural-banks-xiv,record ibps-crp-regional-rural-banks-xiv
ibps rrb photo and signature size,exam-application,informational,en,1,/exam/ibps-crp-regional-rural-banks-xiv/rules,explains,ibps-crp-regional-rural-banks-xiv,record ibps-crp-regional-rural-banks-xiv
ibps so photo and signature size,exam-application,informational,en,1,/exam/ibps-crp-specialist-officers-xvi/rules,explains,ibps-crp-specialist-officers-xvi,record ibps-crp-specialist-officers-xvi
ibps specialist officer photo and signature size,exam-application,informational,en,1,/exam/ibps-crp-specialist-officers-xvi/rules,explains,ibps-crp-specialist-officers-xvi,record ibps-crp-specialist-officers-xvi
icai photo and signature size,exam-application,informational,en,1,/exam/icai-examination-portal/rules,explains,icai-examination-portal,record icai-examination-portal
icsi photo and signature size,exam-application,informational,en,1,/exam/icsi-student-registration-and-examination/rules,explains,icsi-student-registration-and-examination,record icsi-student-registration-and-examination
ies photo and signature size,exam-application,informational,en,1,/exam/upsc-engineering-services-examination/rules,explains,upsc-engineering-services-examination,record upsc-engineering-services-examination
iim cat photo and signature size,exam-application,informational,en,1,/exam/common-admission-test-2025/rules,explains,common-admission-test-2025,record common-admission-test-2025
jee main photo and signature size,exam-application,informational,en,1,/exam/jee-main-2026/rules,explains,jee-main-2026,record jee-main-2026
jee mains photo and signature size,exam-application,informational,en,1,/exam/jee-main-2026/rules,explains,jee-main-2026,record jee-main-2026
jee photo and signature size,exam-application,informational,en,1,/exam/jee-main-2026/rules,explains,jee-main-2026,record jee-main-2026
jeecup photo and signature size,exam-application,informational,en,1,/exam/joint-entrance-examination-council-uttar-pradesh-polytechnic-entrance/rules,explains,joint-entrance-examination-council-uttar-pradesh-polytechnic-entrance,record joint-entrance-examination-council-uttar-pradesh-polytechnic-entrance
jharkhand cgl photo and signature size,exam-application,informational,en,1,/exam/jssc-combined-graduate-level-examination/rules,explains,jssc-combined-graduate-level-examination,record jssc-combined-graduate-level-examination
jharkhand police photo and signature size,exam-application,informational,en,1,/exam/jharkhand-police-constable-recruitment/rules,explains,jharkhand-police-constable-recruitment,record jharkhand-police-constable-recruitment
jnvst photo and signature size,exam-application,informational,en,1,/exam/jawahar-navodaya-vidyalaya-selection-test-class-vi/rules,explains,jawahar-navodaya-vidyalaya-selection-test-class-vi,record jawahar-navodaya-vidyalaya-selection-test-class-vi
joint entrance examination main photo and signature size,exam-application,informational,en,1,/exam/jee-main-2026/rules,explains,jee-main-2026,record jee-main-2026
jssc cgl photo and signature size,exam-application,informational,en,1,/exam/jssc-combined-graduate-level-examination/rules,explains,jssc-combined-graduate-level-examination,record jssc-combined-graduate-level-examination
jssc constable photo and signature size,exam-application,informational,en,1,/exam/jharkhand-police-constable-recruitment/rules,explains,jharkhand-police-constable-recruitment,record jharkhand-police-constable-recruitment
karnataka cet photo and signature size,exam-application,informational,en,1,/exam/karnataka-common-entrance-test-2026/rules,explains,karnataka-common-entrance-test-2026,record karnataka-common-entrance-test-2026
karnataka psc photo and signature size,exam-application,informational,en,1,/exam/karnataka-psc-online-application/rules,explains,karnataka-psc-online-application,record karnataka-psc-online-application
karnataka tet photo and signature size,exam-application,informational,en,1,/exam/karnataka-teacher-eligibility-test/rules,explains,karnataka-teacher-eligibility-test,record karnataka-teacher-eligibility-test
kartet photo and signature size,exam-application,informational,en,1,/exam/karnataka-teacher-eligibility-test/rules,explains,karnataka-teacher-eligibility-test,record karnataka-teacher-eligibility-test
kcet 2026 photo and signature size,exam-application,informational,en,1,/exam/karnataka-common-entrance-test-2026/rules,explains,karnataka-common-entrance-test-2026,record karnataka-common-entrance-test-2026
kcet photo and signature size,exam-application,informational,en,1,/exam/karnataka-common-entrance-test-2026/rules,explains,karnataka-common-entrance-test-2026,record karnataka-common-entrance-test-2026
keam photo and signature size,exam-application,informational,en,1,/exam/kerala-engineering-architecture-medical-entrance-examination/rules,explains,kerala-engineering-architecture-medical-entrance-examination,record kerala-engineering-architecture-medical-entrance-examination
kendriya vidyalaya photo and signature size,exam-application,informational,en,1,/exam/kendriya-vidyalaya-sangathan-direct-recruitment-examination/rules,explains,kendriya-vidyalaya-sangathan-direct-recruitment-examination,record kendriya-vidyalaya-sangathan-direct-recruitment-examination
kerala keam photo and signature size,exam-application,informational,en,1,/exam/kerala-engineering-architecture-medical-entrance-examination/rules,explains,kerala-engineering-architecture-medical-entrance-examination,record kerala-engineering-architecture-medical-entrance-examination
kerala psc photo and signature size,exam-application,informational,en,1,/exam/kerala-psc-one-time-registration/rules,explains,kerala-psc-one-time-registration,record kerala-psc-one-time-registration
kpsc kerala photo and signature size,exam-application,informational,en,1,/exam/kerala-psc-one-time-registration/rules,explains,kerala-psc-one-time-registration,record kerala-psc-one-time-registration
kpsc photo and signature size,exam-application,informational,en,1,/exam/karnataka-psc-online-application/rules,explains,karnataka-psc-online-application,record karnataka-psc-online-application
kvs photo and signature size,exam-application,informational,en,1,/exam/kendriya-vidyalaya-sangathan-direct-recruitment-examination/rules,explains,kendriya-vidyalaya-sangathan-direct-recruitment-examination,record kendriya-vidyalaya-sangathan-direct-recruitment-examination
kvs recruitment photo and signature size,exam-application,informational,en,1,/exam/kendriya-vidyalaya-sangathan-direct-recruitment-examination/rules,explains,kendriya-vidyalaya-sangathan-direct-recruitment-examination,record kendriya-vidyalaya-sangathan-direct-recruitment-examination
lic aao photo and signature size,exam-application,informational,en,1,/exam/lic-assistant-administrative-officers-generalist-2025/rules,explains,lic-assistant-administrative-officers-generalist-2025,record lic-assistant-administrative-officers-generalist-2025
lic assistant administrative officer photo and signature size,exam-application,informational,en,1,/exam/lic-assistant-administrative-officers-generalist-2025/rules,explains,lic-assistant-administrative-officers-generalist-2025,record lic-assistant-administrative-officers-generalist-2025
lrd photo and signature size,exam-application,informational,en,1,/exam/gujarat-police-lokrakshak-recruitment/rules,explains,gujarat-police-lokrakshak-recruitment,record gujarat-police-lokrakshak-recruitment
mah cet mba photo and signature size,exam-application,informational,en,1,/exam/mah-mba-mms-cet/rules,explains,mah-mba-mms-cet,record mah-mba-mms-cet
mah mba cet photo and signature size,exam-application,informational,en,1,/exam/mah-mba-mms-cet/rules,explains,mah-mba-mms-cet,record mah-mba-mms-cet
maharashtra common entrance test photo and signature size,exam-application,informational,en,1,/exam/mht-cet-2026/rules,explains,mht-cet-2026,record mht-cet-2026
maharashtra police constable photo and signature size,exam-application,informational,en,1,/exam/maharashtra-police-recruitment/rules,explains,maharashtra-police-recruitment,record maharashtra-police-recruitment
maharashtra police photo and signature size,exam-application,informational,en,1,/exam/maharashtra-police-recruitment/rules,explains,maharashtra-police-recruitment,record maharashtra-police-recruitment
maharashtra psc photo and signature size,exam-application,informational,en,1,/exam/mpsc-online-application/rules,explains,mpsc-online-application,record mpsc-online-application
maharashtra tet photo and signature size,exam-application,informational,en,1,/exam/maharashtra-teacher-eligibility-test-maha-tet/rules,explains,maharashtra-teacher-eligibility-test-maha-tet,record maharashtra-teacher-eligibility-test-maha-tet
mahatet photo and signature size,exam-application,informational,en,1,/exam/maharashtra-teacher-eligibility-test-maha-tet/rules,explains,maharashtra-teacher-eligibility-test-maha-tet,record maharashtra-teacher-eligibility-test-maha-tet
mat 2026 photo and signature size,exam-application,informational,en,1,/exam/management-aptitude-test-2026/rules,explains,management-aptitude-test-2026,record management-aptitude-test-2026
mat photo and signature size,exam-application,informational,en,1,/exam/management-aptitude-test-2026/rules,explains,management-aptitude-test-2026,record management-aptitude-test-2026
mba cet photo and signature size,exam-application,informational,en,1,/exam/mah-mba-mms-cet/rules,explains,mah-mba-mms-cet,record mah-mba-mms-cet
mega dsc photo and signature size,exam-application,informational,en,1,/exam/ap-mega-dsc-teacher-recruitment/rules,explains,ap-mega-dsc-teacher-recruitment,record ap-mega-dsc-teacher-recruitment
mhcet photo and signature size,exam-application,informational,en,1,/exam/mht-cet-2026/rules,explains,mht-cet-2026,record mht-cet-2026
mht cet photo and signature size,exam-application,informational,en,1,/exam/mht-cet-2026/rules,explains,mht-cet-2026,record mht-cet-2026
mpsc photo and signature size,exam-application,informational,en,1,/exam/mpsc-online-application/rules,explains,mpsc-online-application,record mpsc-online-application
mts photo and signature size,exam-application,informational,en,1,/exam/ssc-multi-tasking-staff-and-havaldar-examination-2025-live-capture/rules,explains,ssc-multi-tasking-staff-and-havaldar-examination-2025-live-capture,record ssc-multi-tasking-staff-and-havaldar-examination-2025-live-capture
nabard assistant manager photo and signature size,exam-application,informational,en,1,/exam/nabard-grade-a-2025/rules,explains,nabard-grade-a-2025,record nabard-grade-a-2025
nabard grade a photo and signature size,exam-application,informational,en,1,/exam/nabard-grade-a-2025/rules,explains,nabard-grade-a-2025,record nabard-grade-a-2025
national defence academy photo and signature size,exam-application,informational,en,1,/exam/upsc-nda-na-examination-ii-2026/rules,explains,upsc-nda-na-examination-ii-2026,record upsc-nda-na-examination-ii-2026
national eligibility cum entrance test photo and signature size,exam-application,informational,en,1,/exam/neet-ug-2026/rules,explains,neet-ug-2026,record neet-ug-2026
national eligibility test photo and signature size,exam-application,informational,en,1,/exam/ugc-net-june-2026/rules,explains,ugc-net-june-2026,record ugc-net-june-2026
navodaya class 6 photo and signature size,exam-application,informational,en,1,/exam/jawahar-navodaya-vidyalaya-selection-test-class-vi/rules,explains,jawahar-navodaya-vidyalaya-selection-test-class-vi,record jawahar-navodaya-vidyalaya-selection-test-class-vi
navodaya vidyalaya entrance photo and signature size,exam-application,informational,en,1,/exam/jawahar-navodaya-vidyalaya-selection-test-class-vi/rules,explains,jawahar-navodaya-vidyalaya-selection-test-class-vi,record jawahar-navodaya-vidyalaya-selection-test-class-vi
nda ii 2026 photo and signature size,exam-application,informational,en,1,/exam/upsc-nda-na-examination-ii-2026/rules,explains,upsc-nda-na-examination-ii-2026,record upsc-nda-na-examination-ii-2026
nda na photo and signature size,exam-application,informational,en,1,/exam/upsc-nda-na-examination-ii-2026/rules,explains,upsc-nda-na-examination-ii-2026,record upsc-nda-na-examination-ii-2026
nda photo and signature size,exam-application,informational,en,1,/exam/upsc-nda-na-examination-ii-2026/rules,explains,upsc-nda-na-examination-ii-2026,record upsc-nda-na-examination-ii-2026
neet photo and signature size,exam-application,informational,en,1,/exam/neet-ug-2026/rules,explains,neet-ug-2026,record neet-ug-2026
neet ug photo and signature size,exam-application,informational,en,1,/exam/neet-ug-2026/rules,explains,neet-ug-2026,record neet-ug-2026
net photo and signature size,exam-application,informational,en,1,/exam/ugc-net-june-2026/rules,explains,ugc-net-june-2026,record ugc-net-june-2026
new india assurance ao photo and signature size,exam-application,informational,en,1,/exam/niacl-administrative-officers-2025/rules,explains,niacl-administrative-officers-2025,record niacl-administrative-officers-2025
niacl ao photo and signature size,exam-application,informational,en,1,/exam/niacl-administrative-officers-2025/rules,explains,niacl-administrative-officers-2025,record niacl-administrative-officers-2025
ntpc photo and signature size,exam-application,informational,en,1,/exam/rrb-ntpc-graduate-cen-05-2024/rules,explains,rrb-ntpc-graduate-cen-05-2024,record rrb-ntpc-graduate-cen-05-2024
odisha jee photo and signature size,exam-application,informational,en,1,/exam/odisha-joint-entrance-examination-ojee/rules,explains,odisha-joint-entrance-examination-ojee,record odisha-joint-entrance-examination-ojee
odisha sssc photo and signature size,exam-application,informational,en,1,/exam/osssc-combined-recruitment-examination/rules,explains,osssc-combined-recruitment-examination,record osssc-combined-recruitment-examination
ojee photo and signature size,exam-application,informational,en,1,/exam/odisha-joint-entrance-examination-ojee/rules,explains,odisha-joint-entrance-examination-ojee,record odisha-joint-entrance-examination-ojee
osssc photo and signature size,exam-application,informational,en,1,/exam/osssc-combined-recruitment-examination/rules,explains,osssc-combined-recruitment-examination,record osssc-combined-recruitment-examination
polycet photo and signature size,exam-application,informational,en,1,/exam/ap-polycet/rules,explains,ap-polycet,record ap-polycet
ptet photo and signature size,exam-application,informational,en,1,/exam/rajasthan-pre-teacher-education-test/rules,explains,rajasthan-pre-teacher-education-test,record rajasthan-pre-teacher-education-test
railway group d photo and signature size,exam-application,informational,en,1,/exam/rrb-level-1-posts-cen-08-2024/rules,explains,rrb-level-1-posts-cen-08-2024,record rrb-level-1-posts-cen-08-2024
railway ntpc photo and signature size,exam-application,informational,en,1,/exam/rrb-ntpc-graduate-cen-05-2024/rules,explains,rrb-ntpc-graduate-cen-05-2024,record rrb-ntpc-graduate-cen-05-2024
railway protection force constable photo and signature size,exam-application,informational,en,1,/exam/rpf-constable/rules,explains,rpf-constable,record rpf-constable
railway protection force sub inspector photo and signature size,exam-application,informational,en,1,/exam/rpf-sub-inspector/rules,explains,rpf-sub-inspector,record rpf-sub-inspector
rajasthan bstc photo and signature size,exam-application,informational,en,1,/exam/rajasthan-pre-d-el-ed-examination-bstc/rules,explains,rajasthan-pre-d-el-ed-examination-bstc,record rajasthan-pre-d-el-ed-examination-bstc
rajasthan police constable photo and signature size,exam-application,informational,en,1,/exam/rajasthan-police-constable-recruitment/rules,explains,rajasthan-police-constable-recruitment,record rajasthan-police-constable-recruitment
rajasthan police photo and signature size,exam-application,informational,en,1,/exam/rajasthan-police-constable-recruitment/rules,explains,rajasthan-police-constable-recruitment,record rajasthan-police-constable-recruitment
rajasthan pre deled photo and signature size,exam-application,informational,en,1,/exam/rajasthan-pre-d-el-ed-examination-bstc/rules,explains,rajasthan-pre-d-el-ed-examination-bstc,record rajasthan-pre-d-el-ed-examination-bstc
rajasthan psc photo and signature size,exam-application,informational,en,1,/exam/rpsc-online-application/rules,explains,rpsc-online-application,record rpsc-online-application
rajasthan ptet photo and signature size,exam-application,informational,en,1,/exam/rajasthan-pre-teacher-education-test/rules,explains,rajasthan-pre-teacher-education-test,record rajasthan-pre-teacher-education-test
rajasthan tet photo and signature size,exam-application,informational,en,1,/exam/rajasthan-eligibility-examination-for-teachers-reet/rules,explains,rajasthan-eligibility-examination-for-teachers-reet,record rajasthan-eligibility-examination-for-teachers-reet
rbi assistant photo and signature size,exam-application,informational,en,1,/exam/rbi-assistant-panel-year-2025/rules,explains,rbi-assistant-panel-year-2025,record rbi-assistant-panel-year-2025
rbi grade b photo and signature size,exam-application,informational,en,1,/exam/rbi-officers-in-grade-b-2026/rules,explains,rbi-officers-in-grade-b-2026,record rbi-officers-in-grade-b-2026
rbi officer grade b photo and signature size,exam-application,informational,en,1,/exam/rbi-officers-in-grade-b-2026/rules,explains,rbi-officers-in-grade-b-2026,record rbi-officers-in-grade-b-2026
reet photo and signature size,exam-application,informational,en,1,/exam/rajasthan-eligibility-examination-for-teachers-reet/rules,explains,rajasthan-eligibility-examination-for-teachers-reet,record rajasthan-eligibility-examination-for-teachers-reet
ro aro photo and signature size,exam-application,informational,en,1,/exam/uppsc-review-officer-assistant-review-officer/rules,explains,uppsc-review-officer-assistant-review-officer,record uppsc-review-officer-assistant-review-officer
rpf photo and signature size,exam-application,informational,en,1,/exam/rpf-constable/rules,explains,rpf-constable,record rpf-constable
rpf si photo and signature size,exam-application,informational,en,1,/exam/rpf-sub-inspector/rules,explains,rpf-sub-inspector,record rpf-sub-inspector
rpsc photo and signature size,exam-application,informational,en,1,/exam/rpsc-online-application/rules,explains,rpsc-online-application,record rpsc-online-application
rrb group d photo and signature size,exam-application,informational,en,1,/exam/rrb-level-1-posts-cen-08-2024/rules,explains,rrb-level-1-posts-cen-08-2024,record rrb-level-1-posts-cen-08-2024
rrb level 1 photo and signature size,exam-application,informational,en,1,/exam/rrb-level-1-posts-cen-08-2024/rules,explains,rrb-level-1-posts-cen-08-2024,record rrb-level-1-posts-cen-08-2024
rrb ministerial photo and signature size,exam-application,informational,en,1,/exam/rrb-ministerial-and-isolated-categories/rules,explains,rrb-ministerial-and-isolated-categories,record rrb-ministerial-and-isolated-categories
rrb ntpc photo and signature size,exam-application,informational,en,1,/exam/rrb-ntpc-graduate-cen-05-2024/rules,explains,rrb-ntpc-graduate-cen-05-2024,record rrb-ntpc-graduate-cen-05-2024
sainik school entrance photo and signature size,exam-application,informational,en,1,/exam/all-india-sainik-schools-entrance-examination/rules,explains,all-india-sainik-schools-entrance-examination,record all-india-sainik-schools-entrance-examination
sbi clerk photo and signature size,exam-application,informational,en,1,/exam/sbi-junior-associates-2025/rules,explains,sbi-junior-associates-2025,record sbi-junior-associates-2025
sbi ja photo and signature size,exam-application,informational,en,1,/exam/sbi-junior-associates-2025/rules,explains,sbi-junior-associates-2025,record sbi-junior-associates-2025
sbi junior associate photo and signature size,exam-application,informational,en,1,/exam/sbi-junior-associates-2025/rules,explains,sbi-junior-associates-2025,record sbi-junior-associates-2025
sbi po photo and signature size,exam-application,informational,en,1,/exam/sbi-probationary-officers-2025/rules,explains,sbi-probationary-officers-2025,record sbi-probationary-officers-2025
sbi probationary officer photo and signature size,exam-application,informational,en,1,/exam/sbi-probationary-officers-2025/rules,explains,sbi-probationary-officers-2025,record sbi-probationary-officers-2025
ssc 10+2 photo and signature size,exam-application,informational,en,1,/exam/ssc-combined-higher-secondary-10-2-level-examination-2025-live-capture/rules,explains,ssc-combined-higher-secondary-10-2-level-examination-2025-live-capture,record ssc-combined-higher-secondary-10-2-level-examination-2025-live-capture
ssc cgl photo and signature size,exam-application,informational,en,1,/exam/ssc-combined-graduate-level-examination-2026-live-capture/rules,explains,ssc-combined-graduate-level-examination-2026-live-capture,record ssc-combined-graduate-level-examination-2026-live-capture
ssc chsl photo and signature size,exam-application,informational,en,1,/exam/ssc-combined-higher-secondary-10-2-level-examination-2025-live-capture/rules,explains,ssc-combined-higher-secondary-10-2-level-examination-2025-live-capture,record ssc-combined-higher-secondary-10-2-level-examination-2025-live-capture
ssc constable gd photo and signature size,exam-application,informational,en,1,/exam/ssc-constable-gd-examination-2025-live-capture/rules,explains,ssc-constable-gd-examination-2025-live-capture,record ssc-constable-gd-examination-2025-live-capture
ssc gd photo and signature size,exam-application,informational,en,1,/exam/ssc-constable-gd-examination-2025-live-capture/rules,explains,ssc-constable-gd-examination-2025-live-capture,record ssc-constable-gd-examination-2025-live-capture
ssc havaldar photo and signature size,exam-application,informational,en,1,/exam/ssc-multi-tasking-staff-and-havaldar-examination-2025-live-capture/rules,explains,ssc-multi-tasking-staff-and-havaldar-examination-2025-live-capture,record ssc-multi-tasking-staff-and-havaldar-examination-2025-live-capture
ssc mts photo and signature size,exam-application,informational,en,1,/exam/ssc-multi-tasking-staff-and-havaldar-examination-2025-live-capture/rules,explains,ssc-multi-tasking-staff-and-havaldar-examination-2025-live-capture,record ssc-multi-tasking-staff-and-havaldar-examination-2025-live-capture
stet bihar photo and signature size,exam-application,informational,en,1,/exam/bihar-secondary-teacher-eligibility-test/rules,explains,bihar-secondary-teacher-eligibility-test,record bihar-secondary-teacher-eligibility-test
telangana dsc photo and signature size,exam-application,informational,en,1,/exam/telangana-dsc-teacher-recruitment/rules,explains,telangana-dsc-teacher-recruitment,record telangana-dsc-teacher-recruitment
telangana eamcet photo and signature size,exam-application,informational,en,1,/exam/tg-eapcet/rules,explains,tg-eapcet,record tg-eapcet
telangana group i photo and signature size,exam-application,informational,en,1,/exam/tgpsc-group-i-services-examination/rules,explains,tgpsc-group-i-services-examination,record tgpsc-group-i-services-examination
telangana group ii photo and signature size,exam-application,informational,en,1,/exam/tgpsc-group-ii-services-examination/rules,explains,tgpsc-group-ii-services-examination,record tgpsc-group-ii-services-examination
telangana group iii photo and signature size,exam-application,informational,en,1,/exam/tgpsc-group-iii-services-examination/rules,explains,tgpsc-group-iii-services-examination,record tgpsc-group-iii-services-examination
telangana group iv photo and signature size,exam-application,informational,en,1,/exam/tspsc-group-iv-services/rules,explains,tspsc-group-iv-services,record tspsc-group-iv-services
telangana polytechnic photo and signature size,exam-application,informational,en,1,/exam/tg-ts-polycet/rules,explains,tg-ts-polycet,record tg-ts-polycet
telangana tet photo and signature size,exam-application,informational,en,1,/exam/telangana-teacher-eligibility-test-tg-tet/rules,explains,telangana-teacher-eligibility-test-tg-tet,record telangana-teacher-eligibility-test-tg-tet
tg dsc photo and signature size,exam-application,informational,en,1,/exam/telangana-dsc-teacher-recruitment/rules,explains,telangana-dsc-teacher-recruitment,record telangana-dsc-teacher-recruitment
tg polycet photo and signature size,exam-application,informational,en,1,/exam/tg-ts-polycet/rules,explains,tg-ts-polycet,record tg-ts-polycet
tg tet photo and signature size,exam-application,informational,en,1,/exam/telangana-teacher-eligibility-test-tg-tet/rules,explains,telangana-teacher-eligibility-test-tg-tet,record telangana-teacher-eligibility-test-tg-tet
tgpsc group 1 photo and signature size,exam-application,informational,en,1,/exam/tgpsc-group-i-services-examination/rules,explains,tgpsc-group-i-services-examination,record tgpsc-group-i-services-examination
tgpsc group 2 photo and signature size,exam-application,informational,en,1,/exam/tgpsc-group-ii-services-examination/rules,explains,tgpsc-group-ii-services-examination,record tgpsc-group-ii-services-examination
tgpsc group 3 photo and signature size,exam-application,informational,en,1,/exam/tgpsc-group-iii-services-examination/rules,explains,tgpsc-group-iii-services-examination,record tgpsc-group-iii-services-examination
tnpsc ccse iv photo and signature size,exam-application,informational,en,1,/exam/tnpsc-combined-civil-services-examination-iv-group-iv-services/rules,explains,tnpsc-combined-civil-services-examination-iv-group-iv-services,record tnpsc-combined-civil-services-examination-iv-group-iv-services
tnpsc combined technical services photo and signature size,exam-application,informational,en,1,/exam/tnpsc-combined-technical-services-examination-2025/rules,explains,tnpsc-combined-technical-services-examination-2025,record tnpsc-combined-technical-services-examination-2025
tnpsc cts photo and signature size,exam-application,informational,en,1,/exam/tnpsc-combined-technical-services-examination-2025/rules,explains,tnpsc-combined-technical-services-examination-2025,record tnpsc-combined-technical-services-examination-2025
tnpsc group 1 photo and signature size,exam-application,informational,en,1,/exam/tnpsc-combined-civil-services-examination-i-group-i/rules,explains,tnpsc-combined-civil-services-examination-i-group-i,record tnpsc-combined-civil-services-examination-i-group-i
tnpsc group 2 photo and signature size,exam-application,informational,en,1,/exam/tnpsc-combined-civil-services-examination-ii-group-ii-iia/rules,explains,tnpsc-combined-civil-services-examination-ii-group-ii-iia,record tnpsc-combined-civil-services-examination-ii-group-ii-iia
tnpsc group 2a photo and signature size,exam-application,informational,en,1,/exam/tnpsc-combined-civil-services-examination-ii-group-ii-iia/rules,explains,tnpsc-combined-civil-services-examination-ii-group-ii-iia,record tnpsc-combined-civil-services-examination-ii-group-ii-iia
tnpsc group 4 photo and signature size,exam-application,informational,en,1,/exam/tnpsc-combined-civil-services-examination-iv-group-iv-services/rules,explains,tnpsc-combined-civil-services-examination-iv-group-iv-services,record tnpsc-combined-civil-services-examination-iv-group-iv-services
tnpsc group i photo and signature size,exam-application,informational,en,1,/exam/tnpsc-combined-civil-services-examination-i-group-i/rules,explains,tnpsc-combined-civil-services-examination-i-group-i,record tnpsc-combined-civil-services-examination-i-group-i
tnpsc group ii photo and signature size,exam-application,informational,en,1,/exam/tnpsc-combined-civil-services-examination-ii-group-ii-iia/rules,explains,tnpsc-combined-civil-services-examination-ii-group-ii-iia,record tnpsc-combined-civil-services-examination-ii-group-ii-iia
tnpsc group iv photo and signature size,exam-application,informational,en,1,/exam/tnpsc-combined-civil-services-examination-iv-group-iv-services/rules,explains,tnpsc-combined-civil-services-examination-iv-group-iv-services,record tnpsc-combined-civil-services-examination-iv-group-iv-services
ts dsc photo and signature size,exam-application,informational,en,1,/exam/telangana-dsc-teacher-recruitment/rules,explains,telangana-dsc-teacher-recruitment,record telangana-dsc-teacher-recruitment
ts eamcet photo and signature size,exam-application,informational,en,1,/exam/tg-eapcet/rules,explains,tg-eapcet,record tg-eapcet
ts polycet photo and signature size,exam-application,informational,en,1,/exam/tg-ts-polycet/rules,explains,tg-ts-polycet,record tg-ts-polycet
ts tet photo and signature size,exam-application,informational,en,1,/exam/telangana-teacher-eligibility-test-tg-tet/rules,explains,telangana-teacher-eligibility-test-tg-tet,record telangana-teacher-eligibility-test-tg-tet
tspsc group 1 photo and signature size,exam-application,informational,en,1,/exam/tgpsc-group-i-services-examination/rules,explains,tgpsc-group-i-services-examination,record tgpsc-group-i-services-examination
tspsc group 2 photo and signature size,exam-application,informational,en,1,/exam/tgpsc-group-ii-services-examination/rules,explains,tgpsc-group-ii-services-examination,record tgpsc-group-ii-services-examination
tspsc group 3 photo and signature size,exam-application,informational,en,1,/exam/tgpsc-group-iii-services-examination/rules,explains,tgpsc-group-iii-services-examination,record tgpsc-group-iii-services-examination
tspsc group 4 photo and signature size,exam-application,informational,en,1,/exam/tspsc-group-iv-services/rules,explains,tspsc-group-iv-services,record tspsc-group-iv-services
ugc net photo and signature size,exam-application,informational,en,1,/exam/ugc-net-june-2026/rules,explains,ugc-net-june-2026,record ugc-net-june-2026
up bed jee photo and signature size,exam-application,informational,en,1,/exam/up-b-ed-joint-entrance-examination/rules,explains,up-b-ed-joint-entrance-examination,record up-b-ed-joint-entrance-examination
up bed photo and signature size,exam-application,informational,en,1,/exam/up-b-ed-joint-entrance-examination/rules,explains,up-b-ed-joint-entrance-examination,record up-b-ed-joint-entrance-examination
up pcs photo and signature size,exam-application,informational,en,1,/exam/uppsc-combined-state-upper-subordinate-services-examination-pcs/rules,explains,uppsc-combined-state-upper-subordinate-services-examination-pcs,record uppsc-combined-state-upper-subordinate-services-examination-pcs
up pet photo and signature size,exam-application,informational,en,1,/exam/upsssc-preliminary-eligibility-test-pet/rules,explains,upsssc-preliminary-eligibility-test-pet,record upsssc-preliminary-eligibility-test-pet
up polytechnic photo and signature size,exam-application,informational,en,1,/exam/joint-entrance-examination-council-uttar-pradesh-polytechnic-entrance/rules,explains,joint-entrance-examination-council-uttar-pradesh-polytechnic-entrance,record joint-entrance-examination-council-uttar-pradesh-polytechnic-entrance
up review officer photo and signature size,exam-application,informational,en,1,/exam/uppsc-review-officer-assistant-review-officer/rules,explains,uppsc-review-officer-assistant-review-officer,record uppsc-review-officer-assistant-review-officer
uppsc otr photo and signature size,exam-application,informational,en,1,/exam/uppsc-one-time-registration/rules,explains,uppsc-one-time-registration,record uppsc-one-time-registration
uppsc pcs photo and signature size,exam-application,informational,en,1,/exam/uppsc-combined-state-upper-subordinate-services-examination-pcs/rules,explains,uppsc-combined-state-upper-subordinate-services-examination-pcs,record uppsc-combined-state-upper-subordinate-services-examination-pcs
uppsc photo and signature size,exam-application,informational,en,1,/exam/uppsc-one-time-registration/rules,explains,uppsc-one-time-registration,record uppsc-one-time-registration
uppsc ro aro photo and signature size,exam-application,informational,en,1,/exam/uppsc-review-officer-assistant-review-officer/rules,explains,uppsc-review-officer-assistant-review-officer,record uppsc-review-officer-assistant-review-officer
upsc capf photo and signature size,exam-application,informational,en,1,/exam/upsc-capf-assistant-commandants-examination-2026/rules,explains,upsc-capf-assistant-commandants-examination-2026,record upsc-capf-assistant-commandants-examination-2026
upsc cds photo and signature size,exam-application,informational,en,1,/exam/upsc-combined-defence-services-examination-ii-2026/rules,explains,upsc-combined-defence-services-examination-ii-2026,record upsc-combined-defence-services-examination-ii-2026
upsc cse photo and signature size,exam-application,informational,en,1,/exam/upsc-civil-services-examination-2026/rules,explains,upsc-civil-services-examination-2026,record upsc-civil-services-examination-2026
upsc ese photo and signature size,exam-application,informational,en,1,/exam/upsc-engineering-services-examination/rules,explains,upsc-engineering-services-examination,record upsc-engineering-services-examination
upsc nda photo and signature size,exam-application,informational,en,1,/exam/upsc-nda-na-examination-ii-2026/rules,explains,upsc-nda-na-examination-ii-2026,record upsc-nda-na-examination-ii-2026
upsc prelims photo and signature size,exam-application,informational,en,1,/exam/upsc-civil-services-examination-2026/rules,explains,upsc-civil-services-examination-2026,record upsc-civil-services-examination-2026
upsssc pet photo and signature size,exam-application,informational,en,1,/exam/upsssc-preliminary-eligibility-test-pet/rules,explains,upsssc-preliminary-eligibility-test-pet,record upsssc-preliminary-eligibility-test-pet
vyapam pre bed photo and signature size,exam-application,informational,en,1,/exam/cg-vyapam-pre-b-ed-entrance-examination/rules,explains,cg-vyapam-pre-b-ed-entrance-examination,record cg-vyapam-pre-b-ed-entrance-examination
wb primary tet photo and signature size,exam-application,informational,en,1,/exam/west-bengal-primary-teacher-eligibility-test/rules,explains,west-bengal-primary-teacher-eligibility-test,record west-bengal-primary-teacher-eligibility-test
wb tet photo and signature size,exam-application,informational,en,1,/exam/west-bengal-primary-teacher-eligibility-test/rules,explains,west-bengal-primary-teacher-eligibility-test,record west-bengal-primary-teacher-eligibility-test
wbcs photo and signature size,exam-application,informational,en,1,/exam/wbpsc-wbcs-online-application/rules,explains,wbpsc-wbcs-online-application,record wbpsc-wbcs-online-application
wbjee photo and signature size,exam-application,informational,en,1,/exam/wbjee-2026/rules,explains,wbjee-2026,record wbjee-2026
wbpsc photo and signature size,exam-application,informational,en,1,/exam/wbpsc-wbcs-online-application/rules,explains,wbpsc-wbcs-online-application,record wbpsc-wbcs-online-application
west bengal joint entrance examination photo and signature size,exam-application,informational,en,1,/exam/wbjee-2026/rules,explains,wbjee-2026,record wbjee-2026
west bengal psc photo and signature size,exam-application,informational,en,1,/exam/wbpsc-wbcs-online-application/rules,explains,wbpsc-wbcs-online-application,record wbpsc-wbcs-online-application
xat photo and signature size,exam-application,informational,en,1,/exam/xavier-aptitude-test/rules,explains,xavier-aptitude-test,record xavier-aptitude-test
xlri xat photo and signature size,exam-application,informational,en,1,/exam/xavier-aptitude-test/rules,explains,xavier-aptitude-test,record xavier-aptitude-test
adre grade iii photo resize,exam-file-prepare,tool,en,1,/exam/assam-direct-recruitment-grade-iii,explains,assam-direct-recruitment-grade-iii,record assam-direct-recruitment-grade-iii
adre grade iii signature resize,exam-file-prepare,tool,en,1,/exam/assam-direct-recruitment-grade-iii,prepares,assam-direct-recruitment-grade-iii,record assam-direct-recruitment-grade-iii
adre grade iv photo resize,exam-file-prepare,tool,en,1,/exam/assam-direct-recruitment-grade-iv,explains,assam-direct-recruitment-grade-iv,record assam-direct-recruitment-grade-iv
adre grade iv signature resize,exam-file-prepare,tool,en,1,/exam/assam-direct-recruitment-grade-iv,prepares,assam-direct-recruitment-grade-iv,record assam-direct-recruitment-grade-iv
agnipath photo resize,exam-file-prepare,tool,en,1,/exam/indian-army-agniveer-cee-2025-26-online-upload,explains,indian-army-agniveer-cee-2025-26-online-upload|indian-army-agniveer-recruitment,record indian-army-agniveer-cee-2025-26-online-upload
agnipath signature resize,exam-file-prepare,tool,en,1,/exam/indian-army-agniveer-cee-2025-26-online-upload,prepares,indian-army-agniveer-cee-2025-26-online-upload|indian-army-agniveer-recruitment,record indian-army-agniveer-cee-2025-26-online-upload
agniveer cee photo resize,exam-file-prepare,tool,en,1,/exam/indian-army-agniveer-cee-2025-26-online-upload,explains,indian-army-agniveer-cee-2025-26-online-upload,record indian-army-agniveer-cee-2025-26-online-upload
agniveer cee signature resize,exam-file-prepare,tool,en,1,/exam/indian-army-agniveer-cee-2025-26-online-upload,prepares,indian-army-agniveer-cee-2025-26-online-upload,record indian-army-agniveer-cee-2025-26-online-upload
agniveer photo resize,exam-file-prepare,tool,en,1,/exam/indian-army-agniveer-cee-2025-26-online-upload,explains,indian-army-agniveer-cee-2025-26-online-upload|indian-army-agniveer-recruitment|indian-air-force-agniveervayu-recruitment|indian-army-agniveer-cee-2025-26-online-upload|indian-army-agniveer-recruitment|upsc-combined-defence-services-examination-ii-2026|upsc-nda-na-examination-ii-2026,record indian-army-agniveer-cee-2025-26-online-upload
agniveer signature resize,exam-file-prepare,tool,en,1,/exam/indian-army-agniveer-cee-2025-26-online-upload,prepares,indian-army-agniveer-cee-2025-26-online-upload|indian-army-agniveer-recruitment,record indian-army-agniveer-cee-2025-26-online-upload
agniveervayu photo resize,exam-file-prepare,tool,en,1,/exam/indian-air-force-agniveervayu-recruitment,explains,indian-air-force-agniveervayu-recruitment,record indian-air-force-agniveervayu-recruitment
agniveervayu signature resize,exam-file-prepare,tool,en,1,/exam/indian-air-force-agniveervayu-recruitment,prepares,indian-air-force-agniveervayu-recruitment,record indian-air-force-agniveervayu-recruitment
aima mat photo resize,exam-file-prepare,tool,en,1,/exam/management-aptitude-test-2026,prepares,management-aptitude-test-2026,record management-aptitude-test-2026
aima mat signature resize,exam-file-prepare,tool,en,1,/exam/management-aptitude-test-2026,prepares,management-aptitude-test-2026,record management-aptitude-test-2026
air force agniveer photo resize,exam-file-prepare,tool,en,1,/exam/indian-air-force-agniveervayu-recruitment,explains,indian-air-force-agniveervayu-recruitment,record indian-air-force-agniveervayu-recruitment
air force agniveer signature resize,exam-file-prepare,tool,en,1,/exam/indian-air-force-agniveervayu-recruitment,prepares,indian-air-force-agniveervayu-recruitment,record indian-air-force-agniveervayu-recruitment
aissee photo resize,exam-file-prepare,tool,en,1,/exam/all-india-sainik-schools-entrance-examination,explains,all-india-sainik-schools-entrance-examination,record all-india-sainik-schools-entrance-examination
aissee signature resize,exam-file-prepare,tool,en,1,/exam/all-india-sainik-schools-entrance-examination,prepares,all-india-sainik-schools-entrance-examination,record all-india-sainik-schools-entrance-examination
ap dsc photo resize,exam-file-prepare,tool,en,1,/exam/ap-mega-dsc-teacher-recruitment,explains,ap-mega-dsc-teacher-recruitment,record ap-mega-dsc-teacher-recruitment
ap dsc signature resize,exam-file-prepare,tool,en,1,/exam/ap-mega-dsc-teacher-recruitment,prepares,ap-mega-dsc-teacher-recruitment,record ap-mega-dsc-teacher-recruitment
ap forest beat officer photo resize,exam-file-prepare,tool,en,1,/exam/appsc-forest-beat-officer-assistant-beat-officer-2025,explains,appsc-forest-beat-officer-assistant-beat-officer-2025,record appsc-forest-beat-officer-assistant-beat-officer-2025
ap forest beat officer signature resize,exam-file-prepare,tool,en,1,/exam/appsc-forest-beat-officer-assistant-beat-officer-2025,prepares,appsc-forest-beat-officer-assistant-beat-officer-2025,record appsc-forest-beat-officer-assistant-beat-officer-2025
ap group i photo resize,exam-file-prepare,tool,en,1,/exam/appsc-group-i-services-examination,explains,appsc-group-i-services-examination,record appsc-group-i-services-examination
ap group i signature resize,exam-file-prepare,tool,en,1,/exam/appsc-group-i-services-examination,prepares,appsc-group-i-services-examination,record appsc-group-i-services-examination
ap group ii photo resize,exam-file-prepare,tool,en,1,/exam/appsc-group-ii-services-examination,explains,appsc-group-ii-services-examination,record appsc-group-ii-services-examination
ap group ii signature resize,exam-file-prepare,tool,en,1,/exam/appsc-group-ii-services-examination,prepares,appsc-group-ii-services-examination,record appsc-group-ii-services-examination
ap polytechnic photo resize,exam-file-prepare,tool,en,1,/exam/ap-polycet,explains,ap-polycet,record ap-polycet
ap polytechnic signature resize,exam-file-prepare,tool,en,1,/exam/ap-polycet,prepares,ap-polycet,record ap-polycet
ap teacher recruitment photo resize,exam-file-prepare,tool,en,1,/exam/ap-mega-dsc-teacher-recruitment,explains,ap-mega-dsc-teacher-recruitment,record ap-mega-dsc-teacher-recruitment
ap teacher recruitment signature resize,exam-file-prepare,tool,en,1,/exam/ap-mega-dsc-teacher-recruitment,prepares,ap-mega-dsc-teacher-recruitment,record ap-mega-dsc-teacher-recruitment
ap tet signature resize,exam-file-prepare,tool,en,1,/exam/andhra-pradesh-teacher-eligibility-test,prepares,andhra-pradesh-teacher-eligibility-test,record andhra-pradesh-teacher-eligibility-test
appsc fbo photo resize,exam-file-prepare,tool,en,1,/exam/appsc-forest-beat-officer-assistant-beat-officer-2025,explains,appsc-forest-beat-officer-assistant-beat-officer-2025,record appsc-forest-beat-officer-assistant-beat-officer-2025
appsc fbo signature resize,exam-file-prepare,tool,en,1,/exam/appsc-forest-beat-officer-assistant-beat-officer-2025,prepares,appsc-forest-beat-officer-assistant-beat-officer-2025,record appsc-forest-beat-officer-assistant-beat-officer-2025
appsc group 1 photo resize,exam-file-prepare,tool,en,1,/exam/appsc-group-i-services-examination,explains,appsc-group-i-services-examination,record appsc-group-i-services-examination
appsc group 1 signature resize,exam-file-prepare,tool,en,1,/exam/appsc-group-i-services-examination,prepares,appsc-group-i-services-examination,record appsc-group-i-services-examination
appsc group 2 photo resize,exam-file-prepare,tool,en,1,/exam/appsc-group-ii-services-examination,explains,appsc-group-ii-services-examination,record appsc-group-ii-services-examination
appsc group 2 signature resize,exam-file-prepare,tool,en,1,/exam/appsc-group-ii-services-examination,prepares,appsc-group-ii-services-examination,record appsc-group-ii-services-examination
army agniveer photo resize,exam-file-prepare,tool,en,1,/exam/indian-army-agniveer-cee-2025-26-online-upload,explains,indian-army-agniveer-cee-2025-26-online-upload|indian-army-agniveer-recruitment,record indian-army-agniveer-cee-2025-26-online-upload
army agniveer signature resize,exam-file-prepare,tool,en,1,/exam/indian-army-agniveer-cee-2025-26-online-upload,prepares,indian-army-agniveer-cee-2025-26-online-upload|indian-army-agniveer-recruitment,record indian-army-agniveer-cee-2025-26-online-upload
assam adre photo resize,exam-file-prepare,tool,en,1,/exam/assam-direct-recruitment-grade-iii,explains,assam-direct-recruitment-grade-iii,record assam-direct-recruitment-grade-iii
assam adre signature resize,exam-file-prepare,tool,en,1,/exam/assam-direct-recruitment-grade-iii,prepares,assam-direct-recruitment-grade-iii,record assam-direct-recruitment-grade-iii
assam grade 3 photo resize,exam-file-prepare,tool,en,1,/exam/assam-direct-recruitment-grade-iii,explains,assam-direct-recruitment-grade-iii,record assam-direct-recruitment-grade-iii
assam grade 3 signature resize,exam-file-prepare,tool,en,1,/exam/assam-direct-recruitment-grade-iii,prepares,assam-direct-recruitment-grade-iii,record assam-direct-recruitment-grade-iii
assam grade 4 photo resize,exam-file-prepare,tool,en,1,/exam/assam-direct-recruitment-grade-iv,explains,assam-direct-recruitment-grade-iv,record assam-direct-recruitment-grade-iv
assam grade 4 signature resize,exam-file-prepare,tool,en,1,/exam/assam-direct-recruitment-grade-iv,prepares,assam-direct-recruitment-grade-iv,record assam-direct-recruitment-grade-iv
bihar bed cet photo resize,exam-file-prepare,tool,en,1,/exam/bihar-b-ed-common-entrance-test,explains,bihar-b-ed-common-entrance-test,record bihar-b-ed-common-entrance-test
bihar bed cet signature resize,exam-file-prepare,tool,en,1,/exam/bihar-b-ed-common-entrance-test,prepares,bihar-b-ed-common-entrance-test,record bihar-b-ed-common-entrance-test
bihar bed photo resize,exam-file-prepare,tool,en,1,/exam/bihar-b-ed-common-entrance-test,explains,bihar-b-ed-common-entrance-test,record bihar-b-ed-common-entrance-test
bihar bed signature resize,exam-file-prepare,tool,en,1,/exam/bihar-b-ed-common-entrance-test,prepares,bihar-b-ed-common-entrance-test,record bihar-b-ed-common-entrance-test
bihar deled photo resize,exam-file-prepare,tool,en,1,/exam/bihar-d-el-ed-joint-entrance-examination,explains,bihar-d-el-ed-joint-entrance-examination,record bihar-d-el-ed-joint-entrance-examination
bihar deled signature resize,exam-file-prepare,tool,en,1,/exam/bihar-d-el-ed-joint-entrance-examination,prepares,bihar-d-el-ed-joint-entrance-examination,record bihar-d-el-ed-joint-entrance-examination
bihar police constable photo resize,exam-file-prepare,tool,en,1,/exam/bihar-police-constable-recruitment,explains,bihar-police-constable-recruitment,record bihar-police-constable-recruitment
bihar police constable signature resize,exam-file-prepare,tool,en,1,/exam/bihar-police-constable-recruitment,prepares,bihar-police-constable-recruitment,record bihar-police-constable-recruitment
bihar police photo resize,exam-file-prepare,tool,en,1,/exam/bihar-police-constable-recruitment,explains,bihar-police-constable-recruitment,record bihar-police-constable-recruitment
bihar police signature resize,exam-file-prepare,tool,en,1,/exam/bihar-police-constable-recruitment,prepares,bihar-police-constable-recruitment,record bihar-police-constable-recruitment
bihar psc signature resize,exam-file-prepare,tool,en,1,/exam/bpsc-online-application,prepares,bpsc-online-application,record bpsc-online-application
bihar ssc inter level signature resize,exam-file-prepare,tool,en,1,/exam/bssc-second-inter-level-combined-competitive-examination,prepares,bssc-second-inter-level-combined-competitive-examination,record bssc-second-inter-level-combined-competitive-examination
bihar stet photo resize,exam-file-prepare,tool,en,1,/exam/bihar-secondary-teacher-eligibility-test,explains,bihar-secondary-teacher-eligibility-test,record bihar-secondary-teacher-eligibility-test
bihar stet signature resize,exam-file-prepare,tool,en,1,/exam/bihar-secondary-teacher-eligibility-test,prepares,bihar-secondary-teacher-eligibility-test,record bihar-secondary-teacher-eligibility-test
bihar teacher recruitment signature resize,exam-file-prepare,tool,en,1,/exam/bpsc-teacher-recruitment-examination-tre,prepares,bpsc-teacher-recruitment-examination-tre,record bpsc-teacher-recruitment-examination-tre
bits pilani photo resize,exam-file-prepare,tool,en,1,/exam/bits-admission-test,explains,bits-admission-test,record bits-admission-test
bits pilani signature resize,exam-file-prepare,tool,en,1,/exam/bits-admission-test,prepares,bits-admission-test,record bits-admission-test
bitsat photo resize,exam-file-prepare,tool,en,1,/exam/bits-admission-test,explains,bits-admission-test,record bits-admission-test
bitsat signature resize,exam-file-prepare,tool,en,1,/exam/bits-admission-test,prepares,bits-admission-test,record bits-admission-test
bpsc signature resize,exam-file-prepare,tool,en,1,/exam/bpsc-online-application,prepares,bpsc-online-application,record bpsc-online-application
bpsc teacher signature resize,exam-file-prepare,tool,en,1,/exam/bpsc-teacher-recruitment-examination-tre,prepares,bpsc-teacher-recruitment-examination-tre,record bpsc-teacher-recruitment-examination-tre
bpsc tre signature resize,exam-file-prepare,tool,en,1,/exam/bpsc-teacher-recruitment-examination-tre,prepares,bpsc-teacher-recruitment-examination-tre,record bpsc-teacher-recruitment-examination-tre
bseb deled photo resize,exam-file-prepare,tool,en,1,/exam/bihar-d-el-ed-joint-entrance-examination,explains,bihar-d-el-ed-joint-entrance-examination,record bihar-d-el-ed-joint-entrance-examination
bseb deled signature resize,exam-file-prepare,tool,en,1,/exam/bihar-d-el-ed-joint-entrance-examination,prepares,bihar-d-el-ed-joint-entrance-examination,record bihar-d-el-ed-joint-entrance-examination
bseb stet photo resize,exam-file-prepare,tool,en,1,/exam/bihar-secondary-teacher-eligibility-test,explains,bihar-secondary-teacher-eligibility-test,record bihar-secondary-teacher-eligibility-test
bseb stet signature resize,exam-file-prepare,tool,en,1,/exam/bihar-secondary-teacher-eligibility-test,prepares,bihar-secondary-teacher-eligibility-test,record bihar-secondary-teacher-eligibility-test
bssc inter level signature resize,exam-file-prepare,tool,en,1,/exam/bssc-second-inter-level-combined-competitive-examination,prepares,bssc-second-inter-level-combined-competitive-examination,record bssc-second-inter-level-combined-competitive-examination
bstc photo resize,exam-file-prepare,tool,en,1,/exam/rajasthan-pre-d-el-ed-examination-bstc,explains,rajasthan-pre-d-el-ed-examination-bstc,record rajasthan-pre-d-el-ed-examination-bstc
bstc signature resize,exam-file-prepare,tool,en,1,/exam/rajasthan-pre-d-el-ed-examination-bstc,prepares,rajasthan-pre-d-el-ed-examination-bstc,record rajasthan-pre-d-el-ed-examination-bstc
ca foundation photo resize,exam-file-prepare,tool,en,1,/exam/icai-examination-portal,prepares,icai-examination-portal,record icai-examination-portal
ca foundation signature resize,exam-file-prepare,tool,en,1,/exam/icai-examination-portal,prepares,icai-examination-portal,record icai-examination-portal
ca intermediate photo resize,exam-file-prepare,tool,en,1,/exam/icai-examination-portal,prepares,icai-examination-portal,record icai-examination-portal
ca intermediate signature resize,exam-file-prepare,tool,en,1,/exam/icai-examination-portal,prepares,icai-examination-portal,record icai-examination-portal
ca photo resize,exam-file-prepare,tool,en,1,/exam/icai-examination-portal,prepares,icai-examination-portal,record icai-examination-portal
ca signature resize,exam-file-prepare,tool,en,1,/exam/icai-examination-portal,prepares,icai-examination-portal,record icai-examination-portal
capf ac 2026 photo resize,exam-file-prepare,tool,en,1,/exam/upsc-capf-assistant-commandants-examination-2026,prepares,upsc-capf-assistant-commandants-examination-2026,record upsc-capf-assistant-commandants-examination-2026
capf ac 2026 signature resize,exam-file-prepare,tool,en,1,/exam/upsc-capf-assistant-commandants-examination-2026,prepares,upsc-capf-assistant-commandants-examination-2026,record upsc-capf-assistant-commandants-examination-2026
capf ac photo resize,exam-file-prepare,tool,en,1,/exam/upsc-capf-assistant-commandants-examination-2026,prepares,upsc-capf-assistant-commandants-examination-2026,record upsc-capf-assistant-commandants-examination-2026
capf ac signature resize,exam-file-prepare,tool,en,1,/exam/upsc-capf-assistant-commandants-examination-2026,prepares,upsc-capf-assistant-commandants-examination-2026,record upsc-capf-assistant-commandants-examination-2026
capf photo resize,exam-file-prepare,tool,en,1,/exam/upsc-capf-assistant-commandants-examination-2026,prepares,upsc-capf-assistant-commandants-examination-2026,record upsc-capf-assistant-commandants-examination-2026
capf signature resize,exam-file-prepare,tool,en,1,/exam/upsc-capf-assistant-commandants-examination-2026,prepares,upsc-capf-assistant-commandants-examination-2026,record upsc-capf-assistant-commandants-examination-2026
cat 2025 photo resize,exam-file-prepare,tool,en,1,/exam/common-admission-test-2025,prepares,common-admission-test-2025,record common-admission-test-2025
cat 2025 signature resize,exam-file-prepare,tool,en,1,/exam/common-admission-test-2025,prepares,common-admission-test-2025,record common-admission-test-2025
cat photo resize,exam-file-prepare,tool,en,1,/exam/common-admission-test-2025,prepares,common-admission-test-2025,record common-admission-test-2025
cat signature resize,exam-file-prepare,tool,en,1,/exam/common-admission-test-2025,prepares,common-admission-test-2025,record common-admission-test-2025
cbse class 11 registration photo resize,exam-file-prepare,tool,en,1,/exam/cbse-classes-ix-xi-registration-2025-26,prepares,cbse-classes-ix-xi-registration-2025-26,record cbse-classes-ix-xi-registration-2025-26
cbse class 9 registration photo resize,exam-file-prepare,tool,en,1,/exam/cbse-classes-ix-xi-registration-2025-26,prepares,cbse-classes-ix-xi-registration-2025-26,record cbse-classes-ix-xi-registration-2025-26
cbse registration photo resize,exam-file-prepare,tool,en,1,/exam/cbse-classes-ix-xi-registration-2025-26,prepares,cbse-classes-ix-xi-registration-2025-26,record cbse-classes-ix-xi-registration-2025-26
cds ii 2026 photo resize,exam-file-prepare,tool,en,1,/exam/upsc-combined-defence-services-examination-ii-2026,prepares,upsc-combined-defence-services-examination-ii-2026,record upsc-combined-defence-services-examination-ii-2026
cds ii 2026 signature resize,exam-file-prepare,tool,en,1,/exam/upsc-combined-defence-services-examination-ii-2026,prepares,upsc-combined-defence-services-examination-ii-2026,record upsc-combined-defence-services-examination-ii-2026
cds photo resize,exam-file-prepare,tool,en,1,/exam/upsc-combined-defence-services-examination-ii-2026,prepares,upsc-combined-defence-services-examination-ii-2026,record upsc-combined-defence-services-examination-ii-2026
cds signature resize,exam-file-prepare,tool,en,1,/exam/upsc-combined-defence-services-examination-ii-2026,prepares,upsc-combined-defence-services-examination-ii-2026,record upsc-combined-defence-services-examination-ii-2026
central armed police forces photo resize,exam-file-prepare,tool,en,1,/exam/upsc-capf-assistant-commandants-examination-2026,prepares,upsc-capf-assistant-commandants-examination-2026,record upsc-capf-assistant-commandants-examination-2026
central armed police forces signature resize,exam-file-prepare,tool,en,1,/exam/upsc-capf-assistant-commandants-examination-2026,prepares,upsc-capf-assistant-commandants-examination-2026,record upsc-capf-assistant-commandants-examination-2026
central teacher eligibility test photo resize,exam-file-prepare,tool,en,1,/exam/ctet-september-2026,prepares,ctet-september-2026,record ctet-september-2026
central teacher eligibility test signature resize,exam-file-prepare,tool,en,1,/exam/ctet-september-2026,prepares,ctet-september-2026,record ctet-september-2026
cg pre bed photo resize,exam-file-prepare,tool,en,1,/exam/cg-vyapam-pre-b-ed-entrance-examination,explains,cg-vyapam-pre-b-ed-entrance-examination,record cg-vyapam-pre-b-ed-entrance-examination
cg pre bed signature resize,exam-file-prepare,tool,en,1,/exam/cg-vyapam-pre-b-ed-entrance-examination,prepares,cg-vyapam-pre-b-ed-entrance-examination,record cg-vyapam-pre-b-ed-entrance-examination
cg vyapam bed photo resize,exam-file-prepare,tool,en,1,/exam/cg-vyapam-pre-b-ed-entrance-examination,explains,cg-vyapam-pre-b-ed-entrance-examination,record cg-vyapam-pre-b-ed-entrance-examination
cg vyapam bed signature resize,exam-file-prepare,tool,en,1,/exam/cg-vyapam-pre-b-ed-entrance-examination,prepares,cg-vyapam-pre-b-ed-entrance-examination,record cg-vyapam-pre-b-ed-entrance-examination
cgl photo resize,exam-file-prepare,tool,en,1,/exam/ssc-combined-graduate-level-examination-2026-live-capture,explains,ssc-combined-graduate-level-examination-2026-live-capture,record ssc-combined-graduate-level-examination-2026-live-capture
cgl signature resize,exam-file-prepare,tool,en,1,/exam/ssc-combined-graduate-level-examination-2026-live-capture,prepares,ssc-combined-graduate-level-examination-2026-live-capture,record ssc-combined-graduate-level-examination-2026-live-capture
chsl photo resize,exam-file-prepare,tool,en,1,/exam/ssc-combined-higher-secondary-10-2-level-examination-2025-live-capture,explains,ssc-combined-higher-secondary-10-2-level-examination-2025-live-capture,record ssc-combined-higher-secondary-10-2-level-examination-2025-live-capture
chsl signature resize,exam-file-prepare,tool,en,1,/exam/ssc-combined-higher-secondary-10-2-level-examination-2025-live-capture,prepares,ssc-combined-higher-secondary-10-2-level-examination-2025-live-capture,record ssc-combined-higher-secondary-10-2-level-examination-2025-live-capture
civil services examination photo resize,exam-file-prepare,tool,en,1,/exam/upsc-civil-services-examination-2026,prepares,upsc-civil-services-examination-2026,record upsc-civil-services-examination-2026
civil services examination signature resize,exam-file-prepare,tool,en,1,/exam/upsc-civil-services-examination-2026,prepares,upsc-civil-services-examination-2026,record upsc-civil-services-examination-2026
combined defence services photo resize,exam-file-prepare,tool,en,1,/exam/upsc-combined-defence-services-examination-ii-2026,prepares,upsc-combined-defence-services-examination-ii-2026,record upsc-combined-defence-services-examination-ii-2026
combined defence services signature resize,exam-file-prepare,tool,en,1,/exam/upsc-combined-defence-services-examination-ii-2026,prepares,upsc-combined-defence-services-examination-ii-2026,record upsc-combined-defence-services-examination-ii-2026
common university entrance test pg photo resize,exam-file-prepare,tool,en,1,/exam/cuet-pg-2026,prepares,cuet-pg-2026,record cuet-pg-2026
common university entrance test pg signature resize,exam-file-prepare,tool,en,1,/exam/cuet-pg-2026,prepares,cuet-pg-2026,record cuet-pg-2026
common university entrance test photo resize,exam-file-prepare,tool,en,1,/exam/cuet-ug-2026,prepares,cuet-ug-2026,record cuet-ug-2026
common university entrance test signature resize,exam-file-prepare,tool,en,1,/exam/cuet-ug-2026,prepares,cuet-ug-2026,record cuet-ug-2026
company secretary photo resize,exam-file-prepare,tool,en,1,/exam/icsi-student-registration-and-examination,prepares,icsi-student-registration-and-examination,record icsi-student-registration-and-examination
company secretary signature resize,exam-file-prepare,tool,en,1,/exam/icsi-student-registration-and-examination,prepares,icsi-student-registration-and-examination,record icsi-student-registration-and-examination
cs photo resize,exam-file-prepare,tool,en,1,/exam/icsi-student-registration-and-examination,prepares,icsi-student-registration-and-examination,record icsi-student-registration-and-examination
cs signature resize,exam-file-prepare,tool,en,1,/exam/icsi-student-registration-and-examination,prepares,icsi-student-registration-and-examination,record icsi-student-registration-and-examination
csbc bihar police photo resize,exam-file-prepare,tool,en,1,/exam/bihar-police-constable-recruitment,explains,bihar-police-constable-recruitment,record bihar-police-constable-recruitment
csbc bihar police signature resize,exam-file-prepare,tool,en,1,/exam/bihar-police-constable-recruitment,prepares,bihar-police-constable-recruitment,record bihar-police-constable-recruitment
cse 2026 photo resize,exam-file-prepare,tool,en,1,/exam/upsc-civil-services-examination-2026,prepares,upsc-civil-services-examination-2026,record upsc-civil-services-examination-2026
cse 2026 signature resize,exam-file-prepare,tool,en,1,/exam/upsc-civil-services-examination-2026,prepares,upsc-civil-services-examination-2026,record upsc-civil-services-examination-2026
cse photo resize,exam-file-prepare,tool,en,1,/exam/upsc-civil-services-examination-2026,prepares,upsc-civil-services-examination-2026,record upsc-civil-services-examination-2026
cse signature resize,exam-file-prepare,tool,en,1,/exam/upsc-civil-services-examination-2026,prepares,upsc-civil-services-examination-2026,record upsc-civil-services-examination-2026
csir net photo resize,exam-file-prepare,tool,en,1,/exam/joint-csir-ugc-net,prepares,joint-csir-ugc-net,record joint-csir-ugc-net
csir net signature resize,exam-file-prepare,tool,en,1,/exam/joint-csir-ugc-net,prepares,joint-csir-ugc-net,record joint-csir-ugc-net
csir ugc net photo resize,exam-file-prepare,tool,en,1,/exam/joint-csir-ugc-net,prepares,joint-csir-ugc-net,record joint-csir-ugc-net
csir ugc net signature resize,exam-file-prepare,tool,en,1,/exam/joint-csir-ugc-net,prepares,joint-csir-ugc-net,record joint-csir-ugc-net
ctet photo resize,exam-file-prepare,tool,en,1,/exam/ctet-september-2026,prepares,ctet-september-2026,record ctet-september-2026
ctet signature resize,exam-file-prepare,tool,en,1,/exam/ctet-september-2026,prepares,ctet-september-2026,record ctet-september-2026
cuet pg photo resize,exam-file-prepare,tool,en,1,/exam/cuet-pg-2026,prepares,cuet-pg-2026,record cuet-pg-2026
cuet pg signature resize,exam-file-prepare,tool,en,1,/exam/cuet-pg-2026,prepares,cuet-pg-2026,record cuet-pg-2026
cuet photo resize,exam-file-prepare,tool,en,1,/exam/cuet-ug-2026,prepares,cuet-ug-2026,record cuet-ug-2026
cuet signature resize,exam-file-prepare,tool,en,1,/exam/cuet-ug-2026,prepares,cuet-ug-2026,record cuet-ug-2026
cuet ug photo resize,exam-file-prepare,tool,en,1,/exam/cuet-ug-2026,prepares,cuet-ug-2026,record cuet-ug-2026
cuet ug signature resize,exam-file-prepare,tool,en,1,/exam/cuet-ug-2026,prepares,cuet-ug-2026,record cuet-ug-2026
delhi police constable signature resize,exam-file-prepare,tool,en,1,/exam/delhi-police-constable-executive,prepares,delhi-police-constable-executive,record delhi-police-constable-executive
delhi police si signature resize,exam-file-prepare,tool,en,1,/exam/ssc-sub-inspector-in-delhi-police-and-capfs-examination,prepares,ssc-sub-inspector-in-delhi-police-and-capfs-examination,record ssc-sub-inspector-in-delhi-police-and-capfs-examination
delhi police signature resize,exam-file-prepare,tool,en,1,/exam/delhi-police-constable-executive,prepares,delhi-police-constable-executive,record delhi-police-constable-executive
delhi sssb photo resize,exam-file-prepare,tool,en,1,/exam/dsssb-recruitment-examinations,explains,dsssb-recruitment-examinations,record dsssb-recruitment-examinations
delhi sssb signature resize,exam-file-prepare,tool,en,1,/exam/dsssb-recruitment-examinations,prepares,dsssb-recruitment-examinations,record dsssb-recruitment-examinations
dsssb photo resize,exam-file-prepare,tool,en,1,/exam/dsssb-recruitment-examinations,explains,dsssb-recruitment-examinations,record dsssb-recruitment-examinations
dsssb signature resize,exam-file-prepare,tool,en,1,/exam/dsssb-recruitment-examinations,prepares,dsssb-recruitment-examinations,record dsssb-recruitment-examinations
eamcet photo resize,exam-file-prepare,tool,en,1,/exam/tg-eapcet,explains,tg-eapcet,record tg-eapcet
eamcet signature resize,exam-file-prepare,tool,en,1,/exam/tg-eapcet,prepares,tg-eapcet,record tg-eapcet
engineering services examination photo resize,exam-file-prepare,tool,en,1,/exam/upsc-engineering-services-examination,explains,upsc-engineering-services-examination,record upsc-engineering-services-examination
engineering services examination signature resize,exam-file-prepare,tool,en,1,/exam/upsc-engineering-services-examination,prepares,upsc-engineering-services-examination,record upsc-engineering-services-examination
ese photo resize,exam-file-prepare,tool,en,1,/exam/upsc-engineering-services-examination,explains,upsc-engineering-services-examination,record upsc-engineering-services-examination
ese signature resize,exam-file-prepare,tool,en,1,/exam/upsc-engineering-services-examination,prepares,upsc-engineering-services-examination,record upsc-engineering-services-examination
gate photo resize,exam-file-prepare,tool,en,1,/exam/gate-2026,prepares,gate-2026,record gate-2026
gate signature resize,exam-file-prepare,tool,en,1,/exam/gate-2026,prepares,gate-2026,record gate-2026
gd constable photo resize,exam-file-prepare,tool,en,1,/exam/ssc-constable-gd-examination-2025-live-capture,explains,ssc-constable-gd-examination-2025-live-capture,record ssc-constable-gd-examination-2025-live-capture
gd constable signature resize,exam-file-prepare,tool,en,1,/exam/ssc-constable-gd-examination-2025-live-capture,prepares,ssc-constable-gd-examination-2025-live-capture,record ssc-constable-gd-examination-2025-live-capture
gic am photo resize,exam-file-prepare,tool,en,1,/exam/gic-assistant-manager-2024-25,prepares,gic-assistant-manager-2024-25,record gic-assistant-manager-2024-25
gic am signature resize,exam-file-prepare,tool,en,1,/exam/gic-assistant-manager-2024-25,prepares,gic-assistant-manager-2024-25,record gic-assistant-manager-2024-25
graduate aptitude test in engineering photo resize,exam-file-prepare,tool,en,1,/exam/gate-2026,prepares,gate-2026,record gate-2026
graduate aptitude test in engineering signature resize,exam-file-prepare,tool,en,1,/exam/gate-2026,prepares,gate-2026,record gate-2026
gujarat cet photo resize,exam-file-prepare,tool,en,1,/exam/gujcet,explains,gujcet,record gujcet
gujarat cet signature resize,exam-file-prepare,tool,en,1,/exam/gujcet,prepares,gujcet,record gujcet
gujarat common entrance test photo resize,exam-file-prepare,tool,en,1,/exam/gujcet,explains,gujcet,record gujcet
gujarat common entrance test signature resize,exam-file-prepare,tool,en,1,/exam/gujcet,prepares,gujcet,record gujcet
gujarat lokrakshak photo resize,exam-file-prepare,tool,en,1,/exam/gujarat-police-lokrakshak-recruitment,explains,gujarat-police-lokrakshak-recruitment,record gujarat-police-lokrakshak-recruitment
gujarat lokrakshak signature resize,exam-file-prepare,tool,en,1,/exam/gujarat-police-lokrakshak-recruitment,prepares,gujarat-police-lokrakshak-recruitment,record gujarat-police-lokrakshak-recruitment
gujarat police constable photo resize,exam-file-prepare,tool,en,1,/exam/gujarat-police-lokrakshak-recruitment,explains,gujarat-police-lokrakshak-recruitment,record gujarat-police-lokrakshak-recruitment
gujarat police constable signature resize,exam-file-prepare,tool,en,1,/exam/gujarat-police-lokrakshak-recruitment,prepares,gujarat-police-lokrakshak-recruitment,record gujarat-police-lokrakshak-recruitment
gujarat police sub inspector photo resize,exam-file-prepare,tool,en,1,/exam/gujarat-police-psi-recruitment,explains,gujarat-police-psi-recruitment,record gujarat-police-psi-recruitment
gujarat police sub inspector signature resize,exam-file-prepare,tool,en,1,/exam/gujarat-police-psi-recruitment,prepares,gujarat-police-psi-recruitment,record gujarat-police-psi-recruitment
gujarat psi photo resize,exam-file-prepare,tool,en,1,/exam/gujarat-police-psi-recruitment,explains,gujarat-police-psi-recruitment,record gujarat-police-psi-recruitment
gujarat psi signature resize,exam-file-prepare,tool,en,1,/exam/gujarat-police-psi-recruitment,prepares,gujarat-police-psi-recruitment,record gujarat-police-psi-recruitment
haryana cet group d photo resize,exam-file-prepare,tool,en,1,/exam/hssc-cet-group-d,explains,hssc-cet-group-d,record hssc-cet-group-d
haryana cet group d signature resize,exam-file-prepare,tool,en,1,/exam/hssc-cet-group-d,prepares,hssc-cet-group-d,record hssc-cet-group-d
haryana group c photo resize,exam-file-prepare,tool,en,1,/exam/haryana-cet-group-c,explains,haryana-cet-group-c,record haryana-cet-group-c
haryana group c signature resize,exam-file-prepare,tool,en,1,/exam/haryana-cet-group-c,prepares,haryana-cet-group-c,record haryana-cet-group-c
haryana tet photo resize,exam-file-prepare,tool,en,1,/exam/haryana-teacher-eligibility-test,explains,haryana-teacher-eligibility-test,record haryana-teacher-eligibility-test
haryana tet signature resize,exam-file-prepare,tool,en,1,/exam/haryana-teacher-eligibility-test,prepares,haryana-teacher-eligibility-test,record haryana-teacher-eligibility-test
hssc cet group c photo resize,exam-file-prepare,tool,en,1,/exam/haryana-cet-group-c,explains,haryana-cet-group-c,record haryana-cet-group-c
hssc cet group c signature resize,exam-file-prepare,tool,en,1,/exam/haryana-cet-group-c,prepares,haryana-cet-group-c,record haryana-cet-group-c
hssc group d photo resize,exam-file-prepare,tool,en,1,/exam/hssc-cet-group-d,explains,hssc-cet-group-d,record hssc-cet-group-d
hssc group d signature resize,exam-file-prepare,tool,en,1,/exam/hssc-cet-group-d,prepares,hssc-cet-group-d,record hssc-cet-group-d
htet photo resize,exam-file-prepare,tool,en,1,/exam/haryana-teacher-eligibility-test,explains,haryana-teacher-eligibility-test,record haryana-teacher-eligibility-test
htet signature resize,exam-file-prepare,tool,en,1,/exam/haryana-teacher-eligibility-test,prepares,haryana-teacher-eligibility-test,record haryana-teacher-eligibility-test
iaf agniveer photo resize,exam-file-prepare,tool,en,1,/exam/indian-air-force-agniveervayu-recruitment,explains,indian-air-force-agniveervayu-recruitment,record indian-air-force-agniveervayu-recruitment
iaf agniveer signature resize,exam-file-prepare,tool,en,1,/exam/indian-air-force-agniveervayu-recruitment,prepares,indian-air-force-agniveervayu-recruitment,record indian-air-force-agniveervayu-recruitment
ias photo resize,exam-file-prepare,tool,en,1,/exam/upsc-civil-services-examination-2026,prepares,upsc-civil-services-examination-2026,record upsc-civil-services-examination-2026
ias signature resize,exam-file-prepare,tool,en,1,/exam/upsc-civil-services-examination-2026,prepares,upsc-civil-services-examination-2026,record upsc-civil-services-examination-2026
ibps clerical photo resize,exam-file-prepare,tool,en,1,/exam/ibps-crp-customer-service-associates-xv,prepares,ibps-crp-customer-service-associates-xv,record ibps-crp-customer-service-associates-xv
ibps clerical signature resize,exam-file-prepare,tool,en,1,/exam/ibps-crp-customer-service-associates-xv,prepares,ibps-crp-customer-service-associates-xv,record ibps-crp-customer-service-associates-xv
ibps clerk photo resize,exam-file-prepare,tool,en,1,/exam/ibps-crp-customer-service-associates-xv,prepares,ibps-crp-customer-service-associates-xv,record ibps-crp-customer-service-associates-xv
ibps clerk signature resize,exam-file-prepare,tool,en,1,/exam/ibps-crp-customer-service-associates-xv,prepares,ibps-crp-customer-service-associates-xv,record ibps-crp-customer-service-associates-xv
ibps crp po photo resize,exam-file-prepare,tool,en,1,/exam/ibps-crp-po-mt-xvi,prepares,ibps-crp-po-mt-xvi,record ibps-crp-po-mt-xvi
ibps crp po signature resize,exam-file-prepare,tool,en,1,/exam/ibps-crp-po-mt-xvi,prepares,ibps-crp-po-mt-xvi,record ibps-crp-po-mt-xvi
ibps csa photo resize,exam-file-prepare,tool,en,1,/exam/ibps-crp-customer-service-associates-xv,prepares,ibps-crp-customer-service-associates-xv,record ibps-crp-customer-service-associates-xv
ibps csa signature resize,exam-file-prepare,tool,en,1,/exam/ibps-crp-customer-service-associates-xv,prepares,ibps-crp-customer-service-associates-xv,record ibps-crp-customer-service-associates-xv
ibps po mt photo resize,exam-file-prepare,tool,en,1,/exam/ibps-crp-po-mt-xvi,prepares,ibps-crp-po-mt-xvi,record ibps-crp-po-mt-xvi
ibps po mt signature resize,exam-file-prepare,tool,en,1,/exam/ibps-crp-po-mt-xvi,prepares,ibps-crp-po-mt-xvi,record ibps-crp-po-mt-xvi
ibps po photo resize,exam-file-prepare,tool,en,1,/exam/ibps-crp-po-mt-xvi,prepares,ibps-crp-po-mt-xvi,record ibps-crp-po-mt-xvi
ibps po signature resize,exam-file-prepare,tool,en,1,/exam/ibps-crp-po-mt-xvi,prepares,ibps-crp-po-mt-xvi,record ibps-crp-po-mt-xvi
ibps regional rural banks photo resize,exam-file-prepare,tool,en,1,/exam/ibps-crp-regional-rural-banks-xiv,prepares,ibps-crp-regional-rural-banks-xiv,record ibps-crp-regional-rural-banks-xiv
ibps regional rural banks signature resize,exam-file-prepare,tool,en,1,/exam/ibps-crp-regional-rural-banks-xiv,prepares,ibps-crp-regional-rural-banks-xiv,record ibps-crp-regional-rural-banks-xiv
ibps rrb photo resize,exam-file-prepare,tool,en,1,/exam/ibps-crp-regional-rural-banks-xiv,prepares,ibps-crp-regional-rural-banks-xiv,record ibps-crp-regional-rural-banks-xiv
ibps rrb signature resize,exam-file-prepare,tool,en,1,/exam/ibps-crp-regional-rural-banks-xiv,prepares,ibps-crp-regional-rural-banks-xiv,record ibps-crp-regional-rural-banks-xiv
ibps so photo resize,exam-file-prepare,tool,en,1,/exam/ibps-crp-specialist-officers-xvi,prepares,ibps-crp-specialist-officers-xvi,record ibps-crp-specialist-officers-xvi
ibps so signature resize,exam-file-prepare,tool,en,1,/exam/ibps-crp-specialist-officers-xvi,prepares,ibps-crp-specialist-officers-xvi,record ibps-crp-specialist-officers-xvi
ibps specialist officer photo resize,exam-file-prepare,tool,en,1,/exam/ibps-crp-specialist-officers-xvi,prepares,ibps-crp-specialist-officers-xvi,record ibps-crp-specialist-officers-xvi
ibps specialist officer signature resize,exam-file-prepare,tool,en,1,/exam/ibps-crp-specialist-officers-xvi,prepares,ibps-crp-specialist-officers-xvi,record ibps-crp-specialist-officers-xvi
icai photo resize,exam-file-prepare,tool,en,1,/exam/icai-examination-portal,prepares,icai-examination-portal,record icai-examination-portal
icai signature resize,exam-file-prepare,tool,en,1,/exam/icai-examination-portal,prepares,icai-examination-portal,record icai-examination-portal
icsi photo resize,exam-file-prepare,tool,en,1,/exam/icsi-student-registration-and-examination,prepares,icsi-student-registration-and-examination,record icsi-student-registration-and-examination
icsi signature resize,exam-file-prepare,tool,en,1,/exam/icsi-student-registration-and-examination,prepares,icsi-student-registration-and-examination,record icsi-student-registration-and-examination
ies photo resize,exam-file-prepare,tool,en,1,/exam/upsc-engineering-services-examination,explains,upsc-engineering-services-examination,record upsc-engineering-services-examination
ies signature resize,exam-file-prepare,tool,en,1,/exam/upsc-engineering-services-examination,prepares,upsc-engineering-services-examination,record upsc-engineering-services-examination
iim cat photo resize,exam-file-prepare,tool,en,1,/exam/common-admission-test-2025,prepares,common-admission-test-2025,record common-admission-test-2025
iim cat signature resize,exam-file-prepare,tool,en,1,/exam/common-admission-test-2025,prepares,common-admission-test-2025,record common-admission-test-2025
iit jee photo resize,exam-file-prepare,tool,en,1,/exam/jee-advanced-2026,explains,jee-advanced-2026,record jee-advanced-2026
jee adv photo resize,exam-file-prepare,tool,en,1,/exam/jee-advanced-2026,explains,jee-advanced-2026,record jee-advanced-2026
jee advanced photo resize,exam-file-prepare,tool,en,1,/exam/jee-advanced-2026,explains,jee-advanced-2026,record jee-advanced-2026
jee main photo resize,exam-file-prepare,tool,en,1,/exam/jee-main-2026,prepares,jee-main-2026,record jee-main-2026
jee main signature resize,exam-file-prepare,tool,en,1,/exam/jee-main-2026,prepares,jee-main-2026,record jee-main-2026
jee mains photo resize,exam-file-prepare,tool,en,1,/exam/jee-main-2026,prepares,jee-main-2026,record jee-main-2026
jee mains signature resize,exam-file-prepare,tool,en,1,/exam/jee-main-2026,prepares,jee-main-2026,record jee-main-2026
jee photo resize,exam-file-prepare,tool,en,1,/exam/jee-main-2026,prepares,jee-main-2026,record jee-main-2026
jee signature resize,exam-file-prepare,tool,en,1,/exam/jee-main-2026,prepares,jee-main-2026,record jee-main-2026
jeecup photo resize,exam-file-prepare,tool,en,1,/exam/joint-entrance-examination-council-uttar-pradesh-polytechnic-entrance,explains,joint-entrance-examination-council-uttar-pradesh-polytechnic-entrance,record joint-entrance-examination-council-uttar-pradesh-polytechnic-entrance
jeecup signature resize,exam-file-prepare,tool,en,1,/exam/joint-entrance-examination-council-uttar-pradesh-polytechnic-entrance,prepares,joint-entrance-examination-council-uttar-pradesh-polytechnic-entrance,record joint-entrance-examination-council-uttar-pradesh-polytechnic-entrance
jharkhand cgl photo resize,exam-file-prepare,tool,en,1,/exam/jssc-combined-graduate-level-examination,explains,jssc-combined-graduate-level-examination,record jssc-combined-graduate-level-examination
jharkhand cgl signature resize,exam-file-prepare,tool,en,1,/exam/jssc-combined-graduate-level-examination,prepares,jssc-combined-graduate-level-examination,record jssc-combined-graduate-level-examination
jharkhand police photo resize,exam-file-prepare,tool,en,1,/exam/jharkhand-police-constable-recruitment,explains,jharkhand-police-constable-recruitment,record jharkhand-police-constable-recruitment
jharkhand police signature resize,exam-file-prepare,tool,en,1,/exam/jharkhand-police-constable-recruitment,prepares,jharkhand-police-constable-recruitment,record jharkhand-police-constable-recruitment
jk police constable signature resize,exam-file-prepare,tool,en,1,/exam/jkssb-police-constable-recruitment,prepares,jkssb-police-constable-recruitment,record jkssb-police-constable-recruitment
jkssb constable signature resize,exam-file-prepare,tool,en,1,/exam/jkssb-police-constable-recruitment,prepares,jkssb-police-constable-recruitment,record jkssb-police-constable-recruitment
jnvst photo resize,exam-file-prepare,tool,en,1,/exam/jawahar-navodaya-vidyalaya-selection-test-class-vi,explains,jawahar-navodaya-vidyalaya-selection-test-class-vi,record jawahar-navodaya-vidyalaya-selection-test-class-vi
jnvst signature resize,exam-file-prepare,tool,en,1,/exam/jawahar-navodaya-vidyalaya-selection-test-class-vi,prepares,jawahar-navodaya-vidyalaya-selection-test-class-vi,record jawahar-navodaya-vidyalaya-selection-test-class-vi
joint entrance examination main photo resize,exam-file-prepare,tool,en,1,/exam/jee-main-2026,prepares,jee-main-2026,record jee-main-2026
joint entrance examination main signature resize,exam-file-prepare,tool,en,1,/exam/jee-main-2026,prepares,jee-main-2026,record jee-main-2026
jssc cgl photo resize,exam-file-prepare,tool,en,1,/exam/jssc-combined-graduate-level-examination,explains,jssc-combined-graduate-level-examination,record jssc-combined-graduate-level-examination
jssc cgl signature resize,exam-file-prepare,tool,en,1,/exam/jssc-combined-graduate-level-examination,prepares,jssc-combined-graduate-level-examination,record jssc-combined-graduate-level-examination
jssc constable photo resize,exam-file-prepare,tool,en,1,/exam/jharkhand-police-constable-recruitment,explains,jharkhand-police-constable-recruitment,record jharkhand-police-constable-recruitment
jssc constable signature resize,exam-file-prepare,tool,en,1,/exam/jharkhand-police-constable-recruitment,prepares,jharkhand-police-constable-recruitment,record jharkhand-police-constable-recruitment
karnataka cet photo resize,exam-file-prepare,tool,en,1,/exam/karnataka-common-entrance-test-2026,prepares,karnataka-common-entrance-test-2026,record karnataka-common-entrance-test-2026
karnataka cet signature resize,exam-file-prepare,tool,en,1,/exam/karnataka-common-entrance-test-2026,prepares,karnataka-common-entrance-test-2026,record karnataka-common-entrance-test-2026
karnataka psc photo resize,exam-file-prepare,tool,en,1,/exam/karnataka-psc-online-application,prepares,karnataka-psc-online-application,record karnataka-psc-online-application
karnataka psc signature resize,exam-file-prepare,tool,en,1,/exam/karnataka-psc-online-application,prepares,karnataka-psc-online-application,record karnataka-psc-online-application
karnataka tet photo resize,exam-file-prepare,tool,en,1,/exam/karnataka-teacher-eligibility-test,explains,karnataka-teacher-eligibility-test,record karnataka-teacher-eligibility-test
karnataka tet signature resize,exam-file-prepare,tool,en,1,/exam/karnataka-teacher-eligibility-test,prepares,karnataka-teacher-eligibility-test,record karnataka-teacher-eligibility-test
kartet photo resize,exam-file-prepare,tool,en,1,/exam/karnataka-teacher-eligibility-test,explains,karnataka-teacher-eligibility-test,record karnataka-teacher-eligibility-test
kartet signature resize,exam-file-prepare,tool,en,1,/exam/karnataka-teacher-eligibility-test,prepares,karnataka-teacher-eligibility-test,record karnataka-teacher-eligibility-test
kcet 2026 photo resize,exam-file-prepare,tool,en,1,/exam/karnataka-common-entrance-test-2026,prepares,karnataka-common-entrance-test-2026,record karnataka-common-entrance-test-2026
kcet 2026 signature resize,exam-file-prepare,tool,en,1,/exam/karnataka-common-entrance-test-2026,prepares,karnataka-common-entrance-test-2026,record karnataka-common-entrance-test-2026
kcet photo resize,exam-file-prepare,tool,en,1,/exam/karnataka-common-entrance-test-2026,prepares,karnataka-common-entrance-test-2026,record karnataka-common-entrance-test-2026
kcet signature resize,exam-file-prepare,tool,en,1,/exam/karnataka-common-entrance-test-2026,prepares,karnataka-common-entrance-test-2026,record karnataka-common-entrance-test-2026
keam photo resize,exam-file-prepare,tool,en,1,/exam/kerala-engineering-architecture-medical-entrance-examination,prepares,kerala-engineering-architecture-medical-entrance-examination,record kerala-engineering-architecture-medical-entrance-examination
keam signature resize,exam-file-prepare,tool,en,1,/exam/kerala-engineering-architecture-medical-entrance-examination,prepares,kerala-engineering-architecture-medical-entrance-examination,record kerala-engineering-architecture-medical-entrance-examination
kendriya vidyalaya photo resize,exam-file-prepare,tool,en,1,/exam/kendriya-vidyalaya-sangathan-direct-recruitment-examination,explains,kendriya-vidyalaya-sangathan-direct-recruitment-examination,record kendriya-vidyalaya-sangathan-direct-recruitment-examination
kendriya vidyalaya signature resize,exam-file-prepare,tool,en,1,/exam/kendriya-vidyalaya-sangathan-direct-recruitment-examination,prepares,kendriya-vidyalaya-sangathan-direct-recruitment-examination,record kendriya-vidyalaya-sangathan-direct-recruitment-examination
kerala keam photo resize,exam-file-prepare,tool,en,1,/exam/kerala-engineering-architecture-medical-entrance-examination,prepares,kerala-engineering-architecture-medical-entrance-examination,record kerala-engineering-architecture-medical-entrance-examination
kerala keam signature resize,exam-file-prepare,tool,en,1,/exam/kerala-engineering-architecture-medical-entrance-examination,prepares,kerala-engineering-architecture-medical-entrance-examination,record kerala-engineering-architecture-medical-entrance-examination
kerala psc photo resize,exam-file-prepare,tool,en,1,/exam/kerala-psc-one-time-registration,prepares,kerala-psc-one-time-registration,record kerala-psc-one-time-registration
kerala psc signature resize,exam-file-prepare,tool,en,1,/exam/kerala-psc-one-time-registration,prepares,kerala-psc-one-time-registration,record kerala-psc-one-time-registration
kpsc kerala photo resize,exam-file-prepare,tool,en,1,/exam/kerala-psc-one-time-registration,prepares,kerala-psc-one-time-registration,record kerala-psc-one-time-registration
kpsc kerala signature resize,exam-file-prepare,tool,en,1,/exam/kerala-psc-one-time-registration,prepares,kerala-psc-one-time-registration,record kerala-psc-one-time-registration
kpsc photo resize,exam-file-prepare,tool,en,1,/exam/karnataka-psc-online-application,prepares,karnataka-psc-online-application,record karnataka-psc-online-application
kpsc signature resize,exam-file-prepare,tool,en,1,/exam/karnataka-psc-online-application,prepares,karnataka-psc-online-application,record karnataka-psc-online-application
kvs photo resize,exam-file-prepare,tool,en,1,/exam/kendriya-vidyalaya-sangathan-direct-recruitment-examination,explains,kendriya-vidyalaya-sangathan-direct-recruitment-examination,record kendriya-vidyalaya-sangathan-direct-recruitment-examination
kvs recruitment photo resize,exam-file-prepare,tool,en,1,/exam/kendriya-vidyalaya-sangathan-direct-recruitment-examination,explains,kendriya-vidyalaya-sangathan-direct-recruitment-examination,record kendriya-vidyalaya-sangathan-direct-recruitment-examination
kvs recruitment signature resize,exam-file-prepare,tool,en,1,/exam/kendriya-vidyalaya-sangathan-direct-recruitment-examination,prepares,kendriya-vidyalaya-sangathan-direct-recruitment-examination,record kendriya-vidyalaya-sangathan-direct-recruitment-examination
kvs signature resize,exam-file-prepare,tool,en,1,/exam/kendriya-vidyalaya-sangathan-direct-recruitment-examination,prepares,kendriya-vidyalaya-sangathan-direct-recruitment-examination,record kendriya-vidyalaya-sangathan-direct-recruitment-examination
lic aao photo resize,exam-file-prepare,tool,en,1,/exam/lic-assistant-administrative-officers-generalist-2025,prepares,lic-assistant-administrative-officers-generalist-2025,record lic-assistant-administrative-officers-generalist-2025
lic aao signature resize,exam-file-prepare,tool,en,1,/exam/lic-assistant-administrative-officers-generalist-2025,prepares,lic-assistant-administrative-officers-generalist-2025,record lic-assistant-administrative-officers-generalist-2025
lic assistant administrative officer photo resize,exam-file-prepare,tool,en,1,/exam/lic-assistant-administrative-officers-generalist-2025,prepares,lic-assistant-administrative-officers-generalist-2025,record lic-assistant-administrative-officers-generalist-2025
lic assistant administrative officer signature resize,exam-file-prepare,tool,en,1,/exam/lic-assistant-administrative-officers-generalist-2025,prepares,lic-assistant-administrative-officers-generalist-2025,record lic-assistant-administrative-officers-generalist-2025
lrd photo resize,exam-file-prepare,tool,en,1,/exam/gujarat-police-lokrakshak-recruitment,explains,gujarat-police-lokrakshak-recruitment,record gujarat-police-lokrakshak-recruitment
lrd signature resize,exam-file-prepare,tool,en,1,/exam/gujarat-police-lokrakshak-recruitment,prepares,gujarat-police-lokrakshak-recruitment,record gujarat-police-lokrakshak-recruitment
madhya pradesh patwari signature resize,exam-file-prepare,tool,en,1,/exam/mp-patwari-recruitment-examination,prepares,mp-patwari-recruitment-examination,record mp-patwari-recruitment-examination
mah cet mba photo resize,exam-file-prepare,tool,en,1,/exam/mah-mba-mms-cet,explains,mah-mba-mms-cet,record mah-mba-mms-cet
mah cet mba signature resize,exam-file-prepare,tool,en,1,/exam/mah-mba-mms-cet,prepares,mah-mba-mms-cet,record mah-mba-mms-cet
mah mba cet photo resize,exam-file-prepare,tool,en,1,/exam/mah-mba-mms-cet,explains,mah-mba-mms-cet,record mah-mba-mms-cet
mah mba cet signature resize,exam-file-prepare,tool,en,1,/exam/mah-mba-mms-cet,prepares,mah-mba-mms-cet,record mah-mba-mms-cet
maharashtra common entrance test photo resize,exam-file-prepare,tool,en,1,/exam/mht-cet-2026,explains,mht-cet-2026,record mht-cet-2026
maharashtra common entrance test signature resize,exam-file-prepare,tool,en,1,/exam/mht-cet-2026,prepares,mht-cet-2026,record mht-cet-2026
maharashtra police constable photo resize,exam-file-prepare,tool,en,1,/exam/maharashtra-police-recruitment,explains,maharashtra-police-recruitment,record maharashtra-police-recruitment
maharashtra police constable signature resize,exam-file-prepare,tool,en,1,/exam/maharashtra-police-recruitment,prepares,maharashtra-police-recruitment,record maharashtra-police-recruitment
maharashtra police photo resize,exam-file-prepare,tool,en,1,/exam/maharashtra-police-recruitment,explains,maharashtra-police-recruitment,record maharashtra-police-recruitment
maharashtra police signature resize,exam-file-prepare,tool,en,1,/exam/maharashtra-police-recruitment,prepares,maharashtra-police-recruitment,record maharashtra-police-recruitment
maharashtra psc photo resize,exam-file-prepare,tool,en,1,/exam/mpsc-online-application,prepares,mpsc-online-application,record mpsc-online-application
maharashtra psc signature resize,exam-file-prepare,tool,en,1,/exam/mpsc-online-application,prepares,mpsc-online-application,record mpsc-online-application
maharashtra tet photo resize,exam-file-prepare,tool,en,1,/exam/maharashtra-teacher-eligibility-test-maha-tet,prepares,maharashtra-teacher-eligibility-test-maha-tet,record maharashtra-teacher-eligibility-test-maha-tet
maharashtra tet signature resize,exam-file-prepare,tool,en,1,/exam/maharashtra-teacher-eligibility-test-maha-tet,prepares,maharashtra-teacher-eligibility-test-maha-tet,record maharashtra-teacher-eligibility-test-maha-tet
mahatet photo resize,exam-file-prepare,tool,en,1,/exam/maharashtra-teacher-eligibility-test-maha-tet,prepares,maharashtra-teacher-eligibility-test-maha-tet,record maharashtra-teacher-eligibility-test-maha-tet
mahatet signature resize,exam-file-prepare,tool,en,1,/exam/maharashtra-teacher-eligibility-test-maha-tet,prepares,maharashtra-teacher-eligibility-test-maha-tet,record maharashtra-teacher-eligibility-test-maha-tet
mat 2026 photo resize,exam-file-prepare,tool,en,1,/exam/management-aptitude-test-2026,prepares,management-aptitude-test-2026,record management-aptitude-test-2026
mat 2026 signature resize,exam-file-prepare,tool,en,1,/exam/management-aptitude-test-2026,prepares,management-aptitude-test-2026,record management-aptitude-test-2026
mat photo resize,exam-file-prepare,tool,en,1,/exam/management-aptitude-test-2026,prepares,management-aptitude-test-2026,record management-aptitude-test-2026
mat signature resize,exam-file-prepare,tool,en,1,/exam/management-aptitude-test-2026,prepares,management-aptitude-test-2026,record management-aptitude-test-2026
mba cet photo resize,exam-file-prepare,tool,en,1,/exam/mah-mba-mms-cet,explains,mah-mba-mms-cet,record mah-mba-mms-cet
mba cet signature resize,exam-file-prepare,tool,en,1,/exam/mah-mba-mms-cet,prepares,mah-mba-mms-cet,record mah-mba-mms-cet
mega dsc photo resize,exam-file-prepare,tool,en,1,/exam/ap-mega-dsc-teacher-recruitment,explains,ap-mega-dsc-teacher-recruitment,record ap-mega-dsc-teacher-recruitment
mega dsc signature resize,exam-file-prepare,tool,en,1,/exam/ap-mega-dsc-teacher-recruitment,prepares,ap-mega-dsc-teacher-recruitment,record ap-mega-dsc-teacher-recruitment
mhcet photo resize,exam-file-prepare,tool,en,1,/exam/mht-cet-2026,explains,mht-cet-2026,record mht-cet-2026
mhcet signature resize,exam-file-prepare,tool,en,1,/exam/mht-cet-2026,prepares,mht-cet-2026,record mht-cet-2026
mht cet photo resize,exam-file-prepare,tool,en,1,/exam/mht-cet-2026,explains,mht-cet-2026,record mht-cet-2026
mht cet signature resize,exam-file-prepare,tool,en,1,/exam/mht-cet-2026,prepares,mht-cet-2026,record mht-cet-2026
mp patwari signature resize,exam-file-prepare,tool,en,1,/exam/mp-patwari-recruitment-examination,prepares,mp-patwari-recruitment-examination,record mp-patwari-recruitment-examination
mp police constable signature resize,exam-file-prepare,tool,en,1,/exam/mp-police-constable-recruitment-test,prepares,mp-police-constable-recruitment-test,record mp-police-constable-recruitment-test
mp police signature resize,exam-file-prepare,tool,en,1,/exam/mp-police-constable-recruitment-test,prepares,mp-police-constable-recruitment-test,record mp-police-constable-recruitment-test
mp tet signature resize,exam-file-prepare,tool,en,1,/exam/mp-primary-school-teacher-eligibility-test,prepares,mp-primary-school-teacher-eligibility-test,record mp-primary-school-teacher-eligibility-test
mp varg 3 signature resize,exam-file-prepare,tool,en,1,/exam/mp-primary-school-teacher-eligibility-test,prepares,mp-primary-school-teacher-eligibility-test,record mp-primary-school-teacher-eligibility-test
mpesb constable signature resize,exam-file-prepare,tool,en,1,/exam/mp-police-constable-recruitment-test,prepares,mp-police-constable-recruitment-test,record mp-police-constable-recruitment-test
mpesb patwari signature resize,exam-file-prepare,tool,en,1,/exam/mp-patwari-recruitment-examination,prepares,mp-patwari-recruitment-examination,record mp-patwari-recruitment-examination
mpsc photo resize,exam-file-prepare,tool,en,1,/exam/mpsc-online-application,prepares,mpsc-online-application,record mpsc-online-application
mpsc signature resize,exam-file-prepare,tool,en,1,/exam/mpsc-online-application,prepares,mpsc-online-application,record mpsc-online-application
mptet primary signature resize,exam-file-prepare,tool,en,1,/exam/mp-primary-school-teacher-eligibility-test,prepares,mp-primary-school-teacher-eligibility-test,record mp-primary-school-teacher-eligibility-test
mts photo resize,exam-file-prepare,tool,en,1,/exam/ssc-multi-tasking-staff-and-havaldar-examination-2025-live-capture,explains,ssc-multi-tasking-staff-and-havaldar-examination-2025-live-capture,record ssc-multi-tasking-staff-and-havaldar-examination-2025-live-capture
mts signature resize,exam-file-prepare,tool,en,1,/exam/ssc-multi-tasking-staff-and-havaldar-examination-2025-live-capture,prepares,ssc-multi-tasking-staff-and-havaldar-examination-2025-live-capture,record ssc-multi-tasking-staff-and-havaldar-examination-2025-live-capture
nabard assistant manager photo resize,exam-file-prepare,tool,en,1,/exam/nabard-grade-a-2025,prepares,nabard-grade-a-2025,record nabard-grade-a-2025
nabard assistant manager signature resize,exam-file-prepare,tool,en,1,/exam/nabard-grade-a-2025,prepares,nabard-grade-a-2025,record nabard-grade-a-2025
nabard grade a photo resize,exam-file-prepare,tool,en,1,/exam/nabard-grade-a-2025,prepares,nabard-grade-a-2025,record nabard-grade-a-2025
nabard grade a signature resize,exam-file-prepare,tool,en,1,/exam/nabard-grade-a-2025,prepares,nabard-grade-a-2025,record nabard-grade-a-2025
national defence academy photo resize,exam-file-prepare,tool,en,1,/exam/upsc-nda-na-examination-ii-2026,prepares,upsc-nda-na-examination-ii-2026,record upsc-nda-na-examination-ii-2026
national defence academy signature resize,exam-file-prepare,tool,en,1,/exam/upsc-nda-na-examination-ii-2026,prepares,upsc-nda-na-examination-ii-2026,record upsc-nda-na-examination-ii-2026
national eligibility cum entrance test photo resize,exam-file-prepare,tool,en,1,/exam/neet-ug-2026,prepares,neet-ug-2026,record neet-ug-2026
national eligibility cum entrance test signature resize,exam-file-prepare,tool,en,1,/exam/neet-ug-2026,prepares,neet-ug-2026,record neet-ug-2026
national eligibility test photo resize,exam-file-prepare,tool,en,1,/exam/ugc-net-june-2026,prepares,ugc-net-june-2026,record ugc-net-june-2026
national eligibility test signature resize,exam-file-prepare,tool,en,1,/exam/ugc-net-june-2026,prepares,ugc-net-june-2026,record ugc-net-june-2026
navodaya class 6 photo resize,exam-file-prepare,tool,en,1,/exam/jawahar-navodaya-vidyalaya-selection-test-class-vi,explains,jawahar-navodaya-vidyalaya-selection-test-class-vi,record jawahar-navodaya-vidyalaya-selection-test-class-vi
navodaya class 6 signature resize,exam-file-prepare,tool,en,1,/exam/jawahar-navodaya-vidyalaya-selection-test-class-vi,prepares,jawahar-navodaya-vidyalaya-selection-test-class-vi,record jawahar-navodaya-vidyalaya-selection-test-class-vi
navodaya vidyalaya entrance photo resize,exam-file-prepare,tool,en,1,/exam/jawahar-navodaya-vidyalaya-selection-test-class-vi,explains,jawahar-navodaya-vidyalaya-selection-test-class-vi,record jawahar-navodaya-vidyalaya-selection-test-class-vi
navodaya vidyalaya entrance signature resize,exam-file-prepare,tool,en,1,/exam/jawahar-navodaya-vidyalaya-selection-test-class-vi,prepares,jawahar-navodaya-vidyalaya-selection-test-class-vi,record jawahar-navodaya-vidyalaya-selection-test-class-vi
nda ii 2026 photo resize,exam-file-prepare,tool,en,1,/exam/upsc-nda-na-examination-ii-2026,prepares,upsc-nda-na-examination-ii-2026,record upsc-nda-na-examination-ii-2026
nda ii 2026 signature resize,exam-file-prepare,tool,en,1,/exam/upsc-nda-na-examination-ii-2026,prepares,upsc-nda-na-examination-ii-2026,record upsc-nda-na-examination-ii-2026
nda na photo resize,exam-file-prepare,tool,en,1,/exam/upsc-nda-na-examination-ii-2026,prepares,upsc-nda-na-examination-ii-2026,record upsc-nda-na-examination-ii-2026
nda na signature resize,exam-file-prepare,tool,en,1,/exam/upsc-nda-na-examination-ii-2026,prepares,upsc-nda-na-examination-ii-2026,record upsc-nda-na-examination-ii-2026
nda photo resize,exam-file-prepare,tool,en,1,/exam/upsc-nda-na-examination-ii-2026,prepares,upsc-nda-na-examination-ii-2026,record upsc-nda-na-examination-ii-2026
nda signature resize,exam-file-prepare,tool,en,1,/exam/upsc-nda-na-examination-ii-2026,prepares,upsc-nda-na-examination-ii-2026,record upsc-nda-na-examination-ii-2026
neet photo resize,exam-file-prepare,tool,en,1,/exam/neet-ug-2026,prepares,neet-ug-2026,record neet-ug-2026
neet signature resize,exam-file-prepare,tool,en,1,/exam/neet-ug-2026,prepares,neet-ug-2026,record neet-ug-2026
neet ug photo resize,exam-file-prepare,tool,en,1,/exam/neet-ug-2026,prepares,neet-ug-2026,record neet-ug-2026
neet ug signature resize,exam-file-prepare,tool,en,1,/exam/neet-ug-2026,prepares,neet-ug-2026,record neet-ug-2026
net photo resize,exam-file-prepare,tool,en,1,/exam/ugc-net-june-2026,prepares,ugc-net-june-2026,record ugc-net-june-2026
net signature resize,exam-file-prepare,tool,en,1,/exam/ugc-net-june-2026,prepares,ugc-net-june-2026,record ugc-net-june-2026
new india assurance ao photo resize,exam-file-prepare,tool,en,1,/exam/niacl-administrative-officers-2025,prepares,niacl-administrative-officers-2025,record niacl-administrative-officers-2025
new india assurance ao signature resize,exam-file-prepare,tool,en,1,/exam/niacl-administrative-officers-2025,prepares,niacl-administrative-officers-2025,record niacl-administrative-officers-2025
niacl ao photo resize,exam-file-prepare,tool,en,1,/exam/niacl-administrative-officers-2025,prepares,niacl-administrative-officers-2025,record niacl-administrative-officers-2025
niacl ao signature resize,exam-file-prepare,tool,en,1,/exam/niacl-administrative-officers-2025,prepares,niacl-administrative-officers-2025,record niacl-administrative-officers-2025
ntpc photo resize,exam-file-prepare,tool,en,1,/exam/rrb-ntpc-graduate-cen-05-2024,prepares,rrb-ntpc-graduate-cen-05-2024,record rrb-ntpc-graduate-cen-05-2024
ntpc signature resize,exam-file-prepare,tool,en,1,/exam/rrb-ntpc-graduate-cen-05-2024,prepares,rrb-ntpc-graduate-cen-05-2024,record rrb-ntpc-graduate-cen-05-2024
odisha jee photo resize,exam-file-prepare,tool,en,1,/exam/odisha-joint-entrance-examination-ojee,explains,odisha-joint-entrance-examination-ojee,record odisha-joint-entrance-examination-ojee
odisha jee signature resize,exam-file-prepare,tool,en,1,/exam/odisha-joint-entrance-examination-ojee,prepares,odisha-joint-entrance-examination-ojee,record odisha-joint-entrance-examination-ojee
odisha sssc photo resize,exam-file-prepare,tool,en,1,/exam/osssc-combined-recruitment-examination,prepares,osssc-combined-recruitment-examination,record osssc-combined-recruitment-examination
odisha sssc signature resize,exam-file-prepare,tool,en,1,/exam/osssc-combined-recruitment-examination,prepares,osssc-combined-recruitment-examination,record osssc-combined-recruitment-examination
ojee photo resize,exam-file-prepare,tool,en,1,/exam/odisha-joint-entrance-examination-ojee,explains,odisha-joint-entrance-examination-ojee,record odisha-joint-entrance-examination-ojee
ojee signature resize,exam-file-prepare,tool,en,1,/exam/odisha-joint-entrance-examination-ojee,prepares,odisha-joint-entrance-examination-ojee,record odisha-joint-entrance-examination-ojee
osssc photo resize,exam-file-prepare,tool,en,1,/exam/osssc-combined-recruitment-examination,prepares,osssc-combined-recruitment-examination,record osssc-combined-recruitment-examination
osssc signature resize,exam-file-prepare,tool,en,1,/exam/osssc-combined-recruitment-examination,prepares,osssc-combined-recruitment-examination,record osssc-combined-recruitment-examination
polycet photo resize,exam-file-prepare,tool,en,1,/exam/ap-polycet,explains,ap-polycet,record ap-polycet
polycet signature resize,exam-file-prepare,tool,en,1,/exam/ap-polycet,prepares,ap-polycet,record ap-polycet
ptet photo resize,exam-file-prepare,tool,en,1,/exam/rajasthan-pre-teacher-education-test,explains,rajasthan-pre-teacher-education-test,record rajasthan-pre-teacher-education-test
ptet signature resize,exam-file-prepare,tool,en,1,/exam/rajasthan-pre-teacher-education-test,prepares,rajasthan-pre-teacher-education-test,record rajasthan-pre-teacher-education-test
railway group d photo resize,exam-file-prepare,tool,en,1,/exam/rrb-level-1-posts-cen-08-2024,prepares,rrb-level-1-posts-cen-08-2024,record rrb-level-1-posts-cen-08-2024
railway group d signature resize,exam-file-prepare,tool,en,1,/exam/rrb-level-1-posts-cen-08-2024,prepares,rrb-level-1-posts-cen-08-2024,record rrb-level-1-posts-cen-08-2024
railway junior engineer signature resize,exam-file-prepare,tool,en,1,/exam/rrb-je-dms-cma,prepares,rrb-je-dms-cma,record rrb-je-dms-cma
railway ntpc photo resize,exam-file-prepare,tool,en,1,/exam/rrb-ntpc-graduate-cen-05-2024,prepares,rrb-ntpc-graduate-cen-05-2024,record rrb-ntpc-graduate-cen-05-2024
railway ntpc signature resize,exam-file-prepare,tool,en,1,/exam/rrb-ntpc-graduate-cen-05-2024,prepares,rrb-ntpc-graduate-cen-05-2024,record rrb-ntpc-graduate-cen-05-2024
railway paramedical signature resize,exam-file-prepare,tool,en,1,/exam/rrb-paramedical-categories,prepares,rrb-paramedical-categories,record rrb-paramedical-categories
railway protection force constable photo resize,exam-file-prepare,tool,en,1,/exam/rpf-constable,prepares,rpf-constable,record rpf-constable
railway protection force constable signature resize,exam-file-prepare,tool,en,1,/exam/rpf-constable,prepares,rpf-constable,record rpf-constable
railway protection force sub inspector photo resize,exam-file-prepare,tool,en,1,/exam/rpf-sub-inspector,prepares,rpf-sub-inspector,record rpf-sub-inspector
railway protection force sub inspector signature resize,exam-file-prepare,tool,en,1,/exam/rpf-sub-inspector,prepares,rpf-sub-inspector,record rpf-sub-inspector
railway section controller signature resize,exam-file-prepare,tool,en,1,/exam/rrb-section-controller,prepares,rrb-section-controller,record rrb-section-controller
railway technician signature resize,exam-file-prepare,tool,en,1,/exam/rrb-technician,prepares,rrb-technician,record rrb-technician
rajasthan bstc photo resize,exam-file-prepare,tool,en,1,/exam/rajasthan-pre-d-el-ed-examination-bstc,explains,rajasthan-pre-d-el-ed-examination-bstc,record rajasthan-pre-d-el-ed-examination-bstc
rajasthan bstc signature resize,exam-file-prepare,tool,en,1,/exam/rajasthan-pre-d-el-ed-examination-bstc,prepares,rajasthan-pre-d-el-ed-examination-bstc,record rajasthan-pre-d-el-ed-examination-bstc
rajasthan cet 12th level signature resize,exam-file-prepare,tool,en,1,/exam/rajasthan-cet-senior-secondary-level,prepares,rajasthan-cet-senior-secondary-level,record rajasthan-cet-senior-secondary-level
rajasthan cet graduate signature resize,exam-file-prepare,tool,en,1,/exam/rajasthan-cet-graduate-level,prepares,rajasthan-cet-graduate-level,record rajasthan-cet-graduate-level
rajasthan cet signature resize,exam-file-prepare,tool,en,1,/exam/rajasthan-cet-senior-secondary-level,prepares,rajasthan-cet-senior-secondary-level,record rajasthan-cet-senior-secondary-level
rajasthan grade 4 signature resize,exam-file-prepare,tool,en,1,/exam/rajasthan-grade-iv-recruitment,prepares,rajasthan-grade-iv-recruitment,record rajasthan-grade-iv-recruitment
rajasthan patwari signature resize,exam-file-prepare,tool,en,1,/exam/rajasthan-patwari-recruitment,prepares,rajasthan-patwari-recruitment,record rajasthan-patwari-recruitment
rajasthan police constable photo resize,exam-file-prepare,tool,en,1,/exam/rajasthan-police-constable-recruitment,explains,rajasthan-police-constable-recruitment,record rajasthan-police-constable-recruitment
rajasthan police constable signature resize,exam-file-prepare,tool,en,1,/exam/rajasthan-police-constable-recruitment,prepares,rajasthan-police-constable-recruitment,record rajasthan-police-constable-recruitment
rajasthan police photo resize,exam-file-prepare,tool,en,1,/exam/rajasthan-police-constable-recruitment,explains,rajasthan-police-constable-recruitment,record rajasthan-police-constable-recruitment
rajasthan police signature resize,exam-file-prepare,tool,en,1,/exam/rajasthan-police-constable-recruitment,prepares,rajasthan-police-constable-recruitment,record rajasthan-police-constable-recruitment
rajasthan pre deled photo resize,exam-file-prepare,tool,en,1,/exam/rajasthan-pre-d-el-ed-examination-bstc,explains,rajasthan-pre-d-el-ed-examination-bstc,record rajasthan-pre-d-el-ed-examination-bstc
rajasthan pre deled signature resize,exam-file-prepare,tool,en,1,/exam/rajasthan-pre-d-el-ed-examination-bstc,prepares,rajasthan-pre-d-el-ed-examination-bstc,record rajasthan-pre-d-el-ed-examination-bstc
rajasthan psc photo resize,exam-file-prepare,tool,en,1,/exam/rpsc-online-application,explains,rpsc-online-application,record rpsc-online-application
rajasthan psc signature resize,exam-file-prepare,tool,en,1,/exam/rpsc-online-application,prepares,rpsc-online-application,record rpsc-online-application
rajasthan ptet photo resize,exam-file-prepare,tool,en,1,/exam/rajasthan-pre-teacher-education-test,explains,rajasthan-pre-teacher-education-test,record rajasthan-pre-teacher-education-test
rajasthan ptet signature resize,exam-file-prepare,tool,en,1,/exam/rajasthan-pre-teacher-education-test,prepares,rajasthan-pre-teacher-education-test,record rajasthan-pre-teacher-education-test
rajasthan tet photo resize,exam-file-prepare,tool,en,1,/exam/rajasthan-eligibility-examination-for-teachers-reet,explains,rajasthan-eligibility-examination-for-teachers-reet,record rajasthan-eligibility-examination-for-teachers-reet
rajasthan tet signature resize,exam-file-prepare,tool,en,1,/exam/rajasthan-eligibility-examination-for-teachers-reet,prepares,rajasthan-eligibility-examination-for-teachers-reet,record rajasthan-eligibility-examination-for-teachers-reet
rbi assistant photo resize,exam-file-prepare,tool,en,1,/exam/rbi-assistant-panel-year-2025,prepares,rbi-assistant-panel-year-2025,record rbi-assistant-panel-year-2025
rbi assistant signature resize,exam-file-prepare,tool,en,1,/exam/rbi-assistant-panel-year-2025,prepares,rbi-assistant-panel-year-2025,record rbi-assistant-panel-year-2025
rbi grade b photo resize,exam-file-prepare,tool,en,1,/exam/rbi-officers-in-grade-b-2026,prepares,rbi-officers-in-grade-b-2026,record rbi-officers-in-grade-b-2026
rbi grade b signature resize,exam-file-prepare,tool,en,1,/exam/rbi-officers-in-grade-b-2026,prepares,rbi-officers-in-grade-b-2026,record rbi-officers-in-grade-b-2026
rbi officer grade b photo resize,exam-file-prepare,tool,en,1,/exam/rbi-officers-in-grade-b-2026,prepares,rbi-officers-in-grade-b-2026,record rbi-officers-in-grade-b-2026
rbi officer grade b signature resize,exam-file-prepare,tool,en,1,/exam/rbi-officers-in-grade-b-2026,prepares,rbi-officers-in-grade-b-2026,record rbi-officers-in-grade-b-2026
reet photo resize,exam-file-prepare,tool,en,1,/exam/rajasthan-eligibility-examination-for-teachers-reet,explains,rajasthan-eligibility-examination-for-teachers-reet,record rajasthan-eligibility-examination-for-teachers-reet
reet signature resize,exam-file-prepare,tool,en,1,/exam/rajasthan-eligibility-examination-for-teachers-reet,prepares,rajasthan-eligibility-examination-for-teachers-reet,record rajasthan-eligibility-examination-for-teachers-reet
ro aro photo resize,exam-file-prepare,tool,en,1,/exam/uppsc-review-officer-assistant-review-officer,explains,uppsc-review-officer-assistant-review-officer,record uppsc-review-officer-assistant-review-officer
ro aro signature resize,exam-file-prepare,tool,en,1,/exam/uppsc-review-officer-assistant-review-officer,prepares,uppsc-review-officer-assistant-review-officer,record uppsc-review-officer-assistant-review-officer
rpf photo resize,exam-file-prepare,tool,en,1,/exam/rpf-constable,prepares,rpf-constable,record rpf-constable
rpf si photo resize,exam-file-prepare,tool,en,1,/exam/rpf-sub-inspector,prepares,rpf-sub-inspector,record rpf-sub-inspector
rpf si signature resize,exam-file-prepare,tool,en,1,/exam/rpf-sub-inspector,prepares,rpf-sub-inspector,record rpf-sub-inspector
rpf signature resize,exam-file-prepare,tool,en,1,/exam/rpf-constable,prepares,rpf-constable,record rpf-constable
rpsc photo resize,exam-file-prepare,tool,en,1,/exam/rpsc-online-application,explains,rpsc-online-application,record rpsc-online-application
rpsc signature resize,exam-file-prepare,tool,en,1,/exam/rpsc-online-application,prepares,rpsc-online-application,record rpsc-online-application
rrb group d photo resize,exam-file-prepare,tool,en,1,/exam/rrb-level-1-posts-cen-08-2024,prepares,rrb-level-1-posts-cen-08-2024,record rrb-level-1-posts-cen-08-2024
rrb group d signature resize,exam-file-prepare,tool,en,1,/exam/rrb-level-1-posts-cen-08-2024,prepares,rrb-level-1-posts-cen-08-2024,record rrb-level-1-posts-cen-08-2024
rrb je signature resize,exam-file-prepare,tool,en,1,/exam/rrb-je-dms-cma,prepares,rrb-je-dms-cma,record rrb-je-dms-cma
rrb junior engineer signature resize,exam-file-prepare,tool,en,1,/exam/rrb-je-dms-cma,prepares,rrb-je-dms-cma,record rrb-je-dms-cma
rrb level 1 photo resize,exam-file-prepare,tool,en,1,/exam/rrb-level-1-posts-cen-08-2024,prepares,rrb-level-1-posts-cen-08-2024,record rrb-level-1-posts-cen-08-2024
rrb level 1 signature resize,exam-file-prepare,tool,en,1,/exam/rrb-level-1-posts-cen-08-2024,prepares,rrb-level-1-posts-cen-08-2024,record rrb-level-1-posts-cen-08-2024
rrb ministerial photo resize,exam-file-prepare,tool,en,1,/exam/rrb-ministerial-and-isolated-categories,prepares,rrb-ministerial-and-isolated-categories,record rrb-ministerial-and-isolated-categories
rrb ministerial signature resize,exam-file-prepare,tool,en,1,/exam/rrb-ministerial-and-isolated-categories,prepares,rrb-ministerial-and-isolated-categories,record rrb-ministerial-and-isolated-categories
rrb ntpc photo resize,exam-file-prepare,tool,en,1,/exam/rrb-ntpc-graduate-cen-05-2024,prepares,rrb-ntpc-graduate-cen-05-2024,record rrb-ntpc-graduate-cen-05-2024
rrb ntpc signature resize,exam-file-prepare,tool,en,1,/exam/rrb-ntpc-graduate-cen-05-2024,prepares,rrb-ntpc-graduate-cen-05-2024,record rrb-ntpc-graduate-cen-05-2024
rrb paramedical signature resize,exam-file-prepare,tool,en,1,/exam/rrb-paramedical-categories,prepares,rrb-paramedical-categories,record rrb-paramedical-categories
rsmssb grade iv signature resize,exam-file-prepare,tool,en,1,/exam/rajasthan-grade-iv-recruitment,prepares,rajasthan-grade-iv-recruitment,record rajasthan-grade-iv-recruitment
rssb cet graduate level signature resize,exam-file-prepare,tool,en,1,/exam/rajasthan-cet-graduate-level,prepares,rajasthan-cet-graduate-level,record rajasthan-cet-graduate-level
rssb cet senior secondary signature resize,exam-file-prepare,tool,en,1,/exam/rajasthan-cet-senior-secondary-level,prepares,rajasthan-cet-senior-secondary-level,record rajasthan-cet-senior-secondary-level
rssb grade iv signature resize,exam-file-prepare,tool,en,1,/exam/rajasthan-grade-iv-recruitment,prepares,rajasthan-grade-iv-recruitment,record rajasthan-grade-iv-recruitment
rssb patwari signature resize,exam-file-prepare,tool,en,1,/exam/rajasthan-patwari-recruitment,prepares,rajasthan-patwari-recruitment,record rajasthan-patwari-recruitment
sainik school entrance photo resize,exam-file-prepare,tool,en,1,/exam/all-india-sainik-schools-entrance-examination,explains,all-india-sainik-schools-entrance-examination,record all-india-sainik-schools-entrance-examination
sainik school entrance signature resize,exam-file-prepare,tool,en,1,/exam/all-india-sainik-schools-entrance-examination,prepares,all-india-sainik-schools-entrance-examination,record all-india-sainik-schools-entrance-examination
sbi clerk photo resize,exam-file-prepare,tool,en,1,/exam/sbi-junior-associates-2025,prepares,sbi-junior-associates-2025,record sbi-junior-associates-2025
sbi clerk signature resize,exam-file-prepare,tool,en,1,/exam/sbi-junior-associates-2025,prepares,sbi-junior-associates-2025,record sbi-junior-associates-2025
sbi ja photo resize,exam-file-prepare,tool,en,1,/exam/sbi-junior-associates-2025,prepares,sbi-junior-associates-2025,record sbi-junior-associates-2025
sbi ja signature resize,exam-file-prepare,tool,en,1,/exam/sbi-junior-associates-2025,prepares,sbi-junior-associates-2025,record sbi-junior-associates-2025
sbi junior associate photo resize,exam-file-prepare,tool,en,1,/exam/sbi-junior-associates-2025,prepares,sbi-junior-associates-2025,record sbi-junior-associates-2025
sbi junior associate signature resize,exam-file-prepare,tool,en,1,/exam/sbi-junior-associates-2025,prepares,sbi-junior-associates-2025,record sbi-junior-associates-2025
sbi po photo resize,exam-file-prepare,tool,en,1,/exam/sbi-probationary-officers-2025,prepares,sbi-probationary-officers-2025,record sbi-probationary-officers-2025
sbi po signature resize,exam-file-prepare,tool,en,1,/exam/sbi-probationary-officers-2025,prepares,sbi-probationary-officers-2025,record sbi-probationary-officers-2025
sbi probationary officer photo resize,exam-file-prepare,tool,en,1,/exam/sbi-probationary-officers-2025,prepares,sbi-probationary-officers-2025,record sbi-probationary-officers-2025
sbi probationary officer signature resize,exam-file-prepare,tool,en,1,/exam/sbi-probationary-officers-2025,prepares,sbi-probationary-officers-2025,record sbi-probationary-officers-2025
selection post phase 13 signature resize,exam-file-prepare,tool,en,1,/exam/ssc-selection-post-phase-xiii,prepares,ssc-selection-post-phase-xiii,record ssc-selection-post-phase-xiii
slst photo resize,exam-file-prepare,tool,en,1,/exam/west-bengal-school-service-commission-slst-assistant-teacher-recruitment,prepares,west-bengal-school-service-commission-slst-assistant-teacher-recruitment,record west-bengal-school-service-commission-slst-assistant-teacher-recruitment
ssc 10+2 photo resize,exam-file-prepare,tool,en,1,/exam/ssc-combined-higher-secondary-10-2-level-examination-2025-live-capture,explains,ssc-combined-higher-secondary-10-2-level-examination-2025-live-capture,record ssc-combined-higher-secondary-10-2-level-examination-2025-live-capture
ssc 10+2 signature resize,exam-file-prepare,tool,en,1,/exam/ssc-combined-higher-secondary-10-2-level-examination-2025-live-capture,prepares,ssc-combined-higher-secondary-10-2-level-examination-2025-live-capture,record ssc-combined-higher-secondary-10-2-level-examination-2025-live-capture
ssc cgl photo resize,exam-file-prepare,tool,en,1,/exam/ssc-combined-graduate-level-examination-2026-live-capture,explains,ssc-combined-graduate-level-examination-2026-live-capture,record ssc-combined-graduate-level-examination-2026-live-capture
ssc cgl signature resize,exam-file-prepare,tool,en,1,/exam/ssc-combined-graduate-level-examination-2026-live-capture,prepares,ssc-combined-graduate-level-examination-2026-live-capture,record ssc-combined-graduate-level-examination-2026-live-capture
ssc chsl photo resize,exam-file-prepare,tool,en,1,/exam/ssc-combined-higher-secondary-10-2-level-examination-2025-live-capture,explains,ssc-combined-higher-secondary-10-2-level-examination-2025-live-capture,record ssc-combined-higher-secondary-10-2-level-examination-2025-live-capture
ssc chsl signature resize,exam-file-prepare,tool,en,1,/exam/ssc-combined-higher-secondary-10-2-level-examination-2025-live-capture,prepares,ssc-combined-higher-secondary-10-2-level-examination-2025-live-capture,record ssc-combined-higher-secondary-10-2-level-examination-2025-live-capture
ssc constable gd photo resize,exam-file-prepare,tool,en,1,/exam/ssc-constable-gd-examination-2025-live-capture,explains,ssc-constable-gd-examination-2025-live-capture,record ssc-constable-gd-examination-2025-live-capture
ssc constable gd signature resize,exam-file-prepare,tool,en,1,/exam/ssc-constable-gd-examination-2025-live-capture,prepares,ssc-constable-gd-examination-2025-live-capture,record ssc-constable-gd-examination-2025-live-capture
ssc cpo signature resize,exam-file-prepare,tool,en,1,/exam/ssc-sub-inspector-in-delhi-police-and-capfs-examination,prepares,ssc-sub-inspector-in-delhi-police-and-capfs-examination,record ssc-sub-inspector-in-delhi-police-and-capfs-examination
ssc gd photo resize,exam-file-prepare,tool,en,1,/exam/ssc-constable-gd-examination-2025-live-capture,explains,ssc-constable-gd-examination-2025-live-capture,record ssc-constable-gd-examination-2025-live-capture
ssc gd signature resize,exam-file-prepare,tool,en,1,/exam/ssc-constable-gd-examination-2025-live-capture,prepares,ssc-constable-gd-examination-2025-live-capture,record ssc-constable-gd-examination-2025-live-capture
ssc havaldar photo resize,exam-file-prepare,tool,en,1,/exam/ssc-multi-tasking-staff-and-havaldar-examination-2025-live-capture,explains,ssc-multi-tasking-staff-and-havaldar-examination-2025-live-capture,record ssc-multi-tasking-staff-and-havaldar-examination-2025-live-capture
ssc havaldar signature resize,exam-file-prepare,tool,en,1,/exam/ssc-multi-tasking-staff-and-havaldar-examination-2025-live-capture,prepares,ssc-multi-tasking-staff-and-havaldar-examination-2025-live-capture,record ssc-multi-tasking-staff-and-havaldar-examination-2025-live-capture
ssc je signature resize,exam-file-prepare,tool,en,1,/exam/ssc-junior-engineer-examination,prepares,ssc-junior-engineer-examination,record ssc-junior-engineer-examination
ssc junior engineer signature resize,exam-file-prepare,tool,en,1,/exam/ssc-junior-engineer-examination,prepares,ssc-junior-engineer-examination,record ssc-junior-engineer-examination
ssc mts photo resize,exam-file-prepare,tool,en,1,/exam/ssc-multi-tasking-staff-and-havaldar-examination-2025-live-capture,explains,ssc-multi-tasking-staff-and-havaldar-examination-2025-live-capture,record ssc-multi-tasking-staff-and-havaldar-examination-2025-live-capture
ssc mts signature resize,exam-file-prepare,tool,en,1,/exam/ssc-multi-tasking-staff-and-havaldar-examination-2025-live-capture,prepares,ssc-multi-tasking-staff-and-havaldar-examination-2025-live-capture,record ssc-multi-tasking-staff-and-havaldar-examination-2025-live-capture
ssc phase 13 signature resize,exam-file-prepare,tool,en,1,/exam/ssc-selection-post-phase-xiii,prepares,ssc-selection-post-phase-xiii,record ssc-selection-post-phase-xiii
ssc selection post signature resize,exam-file-prepare,tool,en,1,/exam/ssc-selection-post-phase-xiii,prepares,ssc-selection-post-phase-xiii,record ssc-selection-post-phase-xiii
ssc si signature resize,exam-file-prepare,tool,en,1,/exam/ssc-sub-inspector-in-delhi-police-and-capfs-examination,prepares,ssc-sub-inspector-in-delhi-police-and-capfs-examination,record ssc-sub-inspector-in-delhi-police-and-capfs-examination
ssc steno signature resize,exam-file-prepare,tool,en,1,/exam/ssc-stenographer-grade-c-d-examination,prepares,ssc-stenographer-grade-c-d-examination,record ssc-stenographer-grade-c-d-examination
ssc stenographer signature resize,exam-file-prepare,tool,en,1,/exam/ssc-stenographer-grade-c-d-examination,prepares,ssc-stenographer-grade-c-d-examination,record ssc-stenographer-grade-c-d-examination
stet bihar photo resize,exam-file-prepare,tool,en,1,/exam/bihar-secondary-teacher-eligibility-test,explains,bihar-secondary-teacher-eligibility-test,record bihar-secondary-teacher-eligibility-test
stet bihar signature resize,exam-file-prepare,tool,en,1,/exam/bihar-secondary-teacher-eligibility-test,prepares,bihar-secondary-teacher-eligibility-test,record bihar-secondary-teacher-eligibility-test
telangana dsc photo resize,exam-file-prepare,tool,en,1,/exam/telangana-dsc-teacher-recruitment,explains,telangana-dsc-teacher-recruitment,record telangana-dsc-teacher-recruitment
telangana dsc signature resize,exam-file-prepare,tool,en,1,/exam/telangana-dsc-teacher-recruitment,prepares,telangana-dsc-teacher-recruitment,record telangana-dsc-teacher-recruitment
telangana eamcet photo resize,exam-file-prepare,tool,en,1,/exam/tg-eapcet,explains,tg-eapcet,record tg-eapcet
telangana eamcet signature resize,exam-file-prepare,tool,en,1,/exam/tg-eapcet,prepares,tg-eapcet,record tg-eapcet
telangana group i photo resize,exam-file-prepare,tool,en,1,/exam/tgpsc-group-i-services-examination,explains,tgpsc-group-i-services-examination,record tgpsc-group-i-services-examination
telangana group i signature resize,exam-file-prepare,tool,en,1,/exam/tgpsc-group-i-services-examination,prepares,tgpsc-group-i-services-examination,record tgpsc-group-i-services-examination
telangana group ii photo resize,exam-file-prepare,tool,en,1,/exam/tgpsc-group-ii-services-examination,explains,tgpsc-group-ii-services-examination,record tgpsc-group-ii-services-examination
telangana group ii signature resize,exam-file-prepare,tool,en,1,/exam/tgpsc-group-ii-services-examination,prepares,tgpsc-group-ii-services-examination,record tgpsc-group-ii-services-examination
telangana group iii photo resize,exam-file-prepare,tool,en,1,/exam/tgpsc-group-iii-services-examination,explains,tgpsc-group-iii-services-examination,record tgpsc-group-iii-services-examination
telangana group iii signature resize,exam-file-prepare,tool,en,1,/exam/tgpsc-group-iii-services-examination,prepares,tgpsc-group-iii-services-examination,record tgpsc-group-iii-services-examination
telangana group iv photo resize,exam-file-prepare,tool,en,1,/exam/tspsc-group-iv-services,explains,tspsc-group-iv-services,record tspsc-group-iv-services
telangana group iv signature resize,exam-file-prepare,tool,en,1,/exam/tspsc-group-iv-services,prepares,tspsc-group-iv-services,record tspsc-group-iv-services
telangana polytechnic photo resize,exam-file-prepare,tool,en,1,/exam/tg-ts-polycet,explains,tg-ts-polycet,record tg-ts-polycet
telangana polytechnic signature resize,exam-file-prepare,tool,en,1,/exam/tg-ts-polycet,prepares,tg-ts-polycet,record tg-ts-polycet
telangana tet photo resize,exam-file-prepare,tool,en,1,/exam/telangana-teacher-eligibility-test-tg-tet,explains,telangana-teacher-eligibility-test-tg-tet,record telangana-teacher-eligibility-test-tg-tet
telangana tet signature resize,exam-file-prepare,tool,en,1,/exam/telangana-teacher-eligibility-test-tg-tet,prepares,telangana-teacher-eligibility-test-tg-tet,record telangana-teacher-eligibility-test-tg-tet
tg dsc photo resize,exam-file-prepare,tool,en,1,/exam/telangana-dsc-teacher-recruitment,explains,telangana-dsc-teacher-recruitment,record telangana-dsc-teacher-recruitment
tg dsc signature resize,exam-file-prepare,tool,en,1,/exam/telangana-dsc-teacher-recruitment,prepares,telangana-dsc-teacher-recruitment,record telangana-dsc-teacher-recruitment
tg polycet photo resize,exam-file-prepare,tool,en,1,/exam/tg-ts-polycet,explains,tg-ts-polycet,record tg-ts-polycet
tg polycet signature resize,exam-file-prepare,tool,en,1,/exam/tg-ts-polycet,prepares,tg-ts-polycet,record tg-ts-polycet
tg tet photo resize,exam-file-prepare,tool,en,1,/exam/telangana-teacher-eligibility-test-tg-tet,explains,telangana-teacher-eligibility-test-tg-tet,record telangana-teacher-eligibility-test-tg-tet
tg tet signature resize,exam-file-prepare,tool,en,1,/exam/telangana-teacher-eligibility-test-tg-tet,prepares,telangana-teacher-eligibility-test-tg-tet,record telangana-teacher-eligibility-test-tg-tet
tgpsc group 1 photo resize,exam-file-prepare,tool,en,1,/exam/tgpsc-group-i-services-examination,explains,tgpsc-group-i-services-examination,record tgpsc-group-i-services-examination
tgpsc group 1 signature resize,exam-file-prepare,tool,en,1,/exam/tgpsc-group-i-services-examination,prepares,tgpsc-group-i-services-examination,record tgpsc-group-i-services-examination
tgpsc group 2 photo resize,exam-file-prepare,tool,en,1,/exam/tgpsc-group-ii-services-examination,explains,tgpsc-group-ii-services-examination,record tgpsc-group-ii-services-examination
tgpsc group 2 signature resize,exam-file-prepare,tool,en,1,/exam/tgpsc-group-ii-services-examination,prepares,tgpsc-group-ii-services-examination,record tgpsc-group-ii-services-examination
tgpsc group 3 photo resize,exam-file-prepare,tool,en,1,/exam/tgpsc-group-iii-services-examination,explains,tgpsc-group-iii-services-examination,record tgpsc-group-iii-services-examination
tgpsc group 3 signature resize,exam-file-prepare,tool,en,1,/exam/tgpsc-group-iii-services-examination,prepares,tgpsc-group-iii-services-examination,record tgpsc-group-iii-services-examination
tnpsc ccse iv photo resize,exam-file-prepare,tool,en,1,/exam/tnpsc-combined-civil-services-examination-iv-group-iv-services,prepares,tnpsc-combined-civil-services-examination-iv-group-iv-services,record tnpsc-combined-civil-services-examination-iv-group-iv-services
tnpsc ccse iv signature resize,exam-file-prepare,tool,en,1,/exam/tnpsc-combined-civil-services-examination-iv-group-iv-services,prepares,tnpsc-combined-civil-services-examination-iv-group-iv-services,record tnpsc-combined-civil-services-examination-iv-group-iv-services
tnpsc combined technical services photo resize,exam-file-prepare,tool,en,1,/exam/tnpsc-combined-technical-services-examination-2025,prepares,tnpsc-combined-technical-services-examination-2025,record tnpsc-combined-technical-services-examination-2025
tnpsc combined technical services signature resize,exam-file-prepare,tool,en,1,/exam/tnpsc-combined-technical-services-examination-2025,prepares,tnpsc-combined-technical-services-examination-2025,record tnpsc-combined-technical-services-examination-2025
tnpsc cts photo resize,exam-file-prepare,tool,en,1,/exam/tnpsc-combined-technical-services-examination-2025,prepares,tnpsc-combined-technical-services-examination-2025,record tnpsc-combined-technical-services-examination-2025
tnpsc cts signature resize,exam-file-prepare,tool,en,1,/exam/tnpsc-combined-technical-services-examination-2025,prepares,tnpsc-combined-technical-services-examination-2025,record tnpsc-combined-technical-services-examination-2025
tnpsc group 1 photo resize,exam-file-prepare,tool,en,1,/exam/tnpsc-combined-civil-services-examination-i-group-i,prepares,tnpsc-combined-civil-services-examination-i-group-i,record tnpsc-combined-civil-services-examination-i-group-i
tnpsc group 1 signature resize,exam-file-prepare,tool,en,1,/exam/tnpsc-combined-civil-services-examination-i-group-i,prepares,tnpsc-combined-civil-services-examination-i-group-i,record tnpsc-combined-civil-services-examination-i-group-i
tnpsc group 2 photo resize,exam-file-prepare,tool,en,1,/exam/tnpsc-combined-civil-services-examination-ii-group-ii-iia,prepares,tnpsc-combined-civil-services-examination-ii-group-ii-iia,record tnpsc-combined-civil-services-examination-ii-group-ii-iia
tnpsc group 2 signature resize,exam-file-prepare,tool,en,1,/exam/tnpsc-combined-civil-services-examination-ii-group-ii-iia,prepares,tnpsc-combined-civil-services-examination-ii-group-ii-iia,record tnpsc-combined-civil-services-examination-ii-group-ii-iia
tnpsc group 2a photo resize,exam-file-prepare,tool,en,1,/exam/tnpsc-combined-civil-services-examination-ii-group-ii-iia,prepares,tnpsc-combined-civil-services-examination-ii-group-ii-iia,record tnpsc-combined-civil-services-examination-ii-group-ii-iia
tnpsc group 2a signature resize,exam-file-prepare,tool,en,1,/exam/tnpsc-combined-civil-services-examination-ii-group-ii-iia,prepares,tnpsc-combined-civil-services-examination-ii-group-ii-iia,record tnpsc-combined-civil-services-examination-ii-group-ii-iia
tnpsc group 4 photo resize,exam-file-prepare,tool,en,1,/exam/tnpsc-combined-civil-services-examination-iv-group-iv-services,prepares,tnpsc-combined-civil-services-examination-iv-group-iv-services,record tnpsc-combined-civil-services-examination-iv-group-iv-services
tnpsc group 4 signature resize,exam-file-prepare,tool,en,1,/exam/tnpsc-combined-civil-services-examination-iv-group-iv-services,prepares,tnpsc-combined-civil-services-examination-iv-group-iv-services,record tnpsc-combined-civil-services-examination-iv-group-iv-services
tnpsc group i photo resize,exam-file-prepare,tool,en,1,/exam/tnpsc-combined-civil-services-examination-i-group-i,prepares,tnpsc-combined-civil-services-examination-i-group-i,record tnpsc-combined-civil-services-examination-i-group-i
tnpsc group i signature resize,exam-file-prepare,tool,en,1,/exam/tnpsc-combined-civil-services-examination-i-group-i,prepares,tnpsc-combined-civil-services-examination-i-group-i,record tnpsc-combined-civil-services-examination-i-group-i
tnpsc group ii photo resize,exam-file-prepare,tool,en,1,/exam/tnpsc-combined-civil-services-examination-ii-group-ii-iia,prepares,tnpsc-combined-civil-services-examination-ii-group-ii-iia,record tnpsc-combined-civil-services-examination-ii-group-ii-iia
tnpsc group ii signature resize,exam-file-prepare,tool,en,1,/exam/tnpsc-combined-civil-services-examination-ii-group-ii-iia,prepares,tnpsc-combined-civil-services-examination-ii-group-ii-iia,record tnpsc-combined-civil-services-examination-ii-group-ii-iia
tnpsc group iv photo resize,exam-file-prepare,tool,en,1,/exam/tnpsc-combined-civil-services-examination-iv-group-iv-services,prepares,tnpsc-combined-civil-services-examination-iv-group-iv-services,record tnpsc-combined-civil-services-examination-iv-group-iv-services
tnpsc group iv signature resize,exam-file-prepare,tool,en,1,/exam/tnpsc-combined-civil-services-examination-iv-group-iv-services,prepares,tnpsc-combined-civil-services-examination-iv-group-iv-services,record tnpsc-combined-civil-services-examination-iv-group-iv-services
ts dsc photo resize,exam-file-prepare,tool,en,1,/exam/telangana-dsc-teacher-recruitment,explains,telangana-dsc-teacher-recruitment,record telangana-dsc-teacher-recruitment
ts dsc signature resize,exam-file-prepare,tool,en,1,/exam/telangana-dsc-teacher-recruitment,prepares,telangana-dsc-teacher-recruitment,record telangana-dsc-teacher-recruitment
ts eamcet photo resize,exam-file-prepare,tool,en,1,/exam/tg-eapcet,explains,tg-eapcet,record tg-eapcet
ts eamcet signature resize,exam-file-prepare,tool,en,1,/exam/tg-eapcet,prepares,tg-eapcet,record tg-eapcet
ts polycet photo resize,exam-file-prepare,tool,en,1,/exam/tg-ts-polycet,explains,tg-ts-polycet,record tg-ts-polycet
ts polycet signature resize,exam-file-prepare,tool,en,1,/exam/tg-ts-polycet,prepares,tg-ts-polycet,record tg-ts-polycet
ts tet photo resize,exam-file-prepare,tool,en,1,/exam/telangana-teacher-eligibility-test-tg-tet,explains,telangana-teacher-eligibility-test-tg-tet,record telangana-teacher-eligibility-test-tg-tet
ts tet signature resize,exam-file-prepare,tool,en,1,/exam/telangana-teacher-eligibility-test-tg-tet,prepares,telangana-teacher-eligibility-test-tg-tet,record telangana-teacher-eligibility-test-tg-tet
tspsc group 1 photo resize,exam-file-prepare,tool,en,1,/exam/tgpsc-group-i-services-examination,explains,tgpsc-group-i-services-examination,record tgpsc-group-i-services-examination
tspsc group 1 signature resize,exam-file-prepare,tool,en,1,/exam/tgpsc-group-i-services-examination,prepares,tgpsc-group-i-services-examination,record tgpsc-group-i-services-examination
tspsc group 2 photo resize,exam-file-prepare,tool,en,1,/exam/tgpsc-group-ii-services-examination,explains,tgpsc-group-ii-services-examination,record tgpsc-group-ii-services-examination
tspsc group 2 signature resize,exam-file-prepare,tool,en,1,/exam/tgpsc-group-ii-services-examination,prepares,tgpsc-group-ii-services-examination,record tgpsc-group-ii-services-examination
tspsc group 3 photo resize,exam-file-prepare,tool,en,1,/exam/tgpsc-group-iii-services-examination,explains,tgpsc-group-iii-services-examination,record tgpsc-group-iii-services-examination
tspsc group 3 signature resize,exam-file-prepare,tool,en,1,/exam/tgpsc-group-iii-services-examination,prepares,tgpsc-group-iii-services-examination,record tgpsc-group-iii-services-examination
tspsc group 4 photo resize,exam-file-prepare,tool,en,1,/exam/tspsc-group-iv-services,explains,tspsc-group-iv-services,record tspsc-group-iv-services
tspsc group 4 signature resize,exam-file-prepare,tool,en,1,/exam/tspsc-group-iv-services,prepares,tspsc-group-iv-services,record tspsc-group-iv-services
ugc net photo resize,exam-file-prepare,tool,en,1,/exam/ugc-net-june-2026,prepares,ugc-net-june-2026,record ugc-net-june-2026
ugc net signature resize,exam-file-prepare,tool,en,1,/exam/ugc-net-june-2026,prepares,ugc-net-june-2026,record ugc-net-june-2026
up bed jee photo resize,exam-file-prepare,tool,en,1,/exam/up-b-ed-joint-entrance-examination,prepares,up-b-ed-joint-entrance-examination,record up-b-ed-joint-entrance-examination
up bed jee signature resize,exam-file-prepare,tool,en,1,/exam/up-b-ed-joint-entrance-examination,prepares,up-b-ed-joint-entrance-examination,record up-b-ed-joint-entrance-examination
up bed photo resize,exam-file-prepare,tool,en,1,/exam/up-b-ed-joint-entrance-examination,prepares,up-b-ed-joint-entrance-examination,record up-b-ed-joint-entrance-examination
up bed signature resize,exam-file-prepare,tool,en,1,/exam/up-b-ed-joint-entrance-examination,prepares,up-b-ed-joint-entrance-examination,record up-b-ed-joint-entrance-examination
up constable signature resize,exam-file-prepare,tool,en,1,/exam/uttar-pradesh-police-constable-recruitment,prepares,uttar-pradesh-police-constable-recruitment,record uttar-pradesh-police-constable-recruitment
up pcs photo resize,exam-file-prepare,tool,en,1,/exam/uppsc-combined-state-upper-subordinate-services-examination-pcs,explains,uppsc-combined-state-upper-subordinate-services-examination-pcs,record uppsc-combined-state-upper-subordinate-services-examination-pcs
up pcs signature resize,exam-file-prepare,tool,en,1,/exam/uppsc-combined-state-upper-subordinate-services-examination-pcs,prepares,uppsc-combined-state-upper-subordinate-services-examination-pcs,record uppsc-combined-state-upper-subordinate-services-examination-pcs
up pet photo resize,exam-file-prepare,tool,en,1,/exam/upsssc-preliminary-eligibility-test-pet,explains,upsssc-preliminary-eligibility-test-pet,record upsssc-preliminary-eligibility-test-pet
up pet signature resize,exam-file-prepare,tool,en,1,/exam/upsssc-preliminary-eligibility-test-pet,prepares,upsssc-preliminary-eligibility-test-pet,record upsssc-preliminary-eligibility-test-pet
up police constable signature resize,exam-file-prepare,tool,en,1,/exam/uttar-pradesh-police-constable-recruitment,prepares,uttar-pradesh-police-constable-recruitment,record uttar-pradesh-police-constable-recruitment
up police signature resize,exam-file-prepare,tool,en,1,/exam/uttar-pradesh-police-constable-recruitment,prepares,uttar-pradesh-police-constable-recruitment,record uttar-pradesh-police-constable-recruitment
up polytechnic photo resize,exam-file-prepare,tool,en,1,/exam/joint-entrance-examination-council-uttar-pradesh-polytechnic-entrance,explains,joint-entrance-examination-council-uttar-pradesh-polytechnic-entrance,record joint-entrance-examination-council-uttar-pradesh-polytechnic-entrance
up polytechnic signature resize,exam-file-prepare,tool,en,1,/exam/joint-entrance-examination-council-uttar-pradesh-polytechnic-entrance,prepares,joint-entrance-examination-council-uttar-pradesh-polytechnic-entrance,record joint-entrance-examination-council-uttar-pradesh-polytechnic-entrance
up review officer photo resize,exam-file-prepare,tool,en,1,/exam/uppsc-review-officer-assistant-review-officer,explains,uppsc-review-officer-assistant-review-officer,record uppsc-review-officer-assistant-review-officer
up review officer signature resize,exam-file-prepare,tool,en,1,/exam/uppsc-review-officer-assistant-review-officer,prepares,uppsc-review-officer-assistant-review-officer,record uppsc-review-officer-assistant-review-officer
upprpb signature resize,exam-file-prepare,tool,en,1,/exam/uttar-pradesh-police-constable-recruitment,prepares,uttar-pradesh-police-constable-recruitment,record uttar-pradesh-police-constable-recruitment
uppsc otr photo resize,exam-file-prepare,tool,en,1,/exam/uppsc-one-time-registration,explains,uppsc-one-time-registration,record uppsc-one-time-registration
uppsc otr signature resize,exam-file-prepare,tool,en,1,/exam/uppsc-one-time-registration,prepares,uppsc-one-time-registration,record uppsc-one-time-registration
uppsc pcs photo resize,exam-file-prepare,tool,en,1,/exam/uppsc-combined-state-upper-subordinate-services-examination-pcs,explains,uppsc-combined-state-upper-subordinate-services-examination-pcs,record uppsc-combined-state-upper-subordinate-services-examination-pcs
uppsc pcs signature resize,exam-file-prepare,tool,en,1,/exam/uppsc-combined-state-upper-subordinate-services-examination-pcs,prepares,uppsc-combined-state-upper-subordinate-services-examination-pcs,record uppsc-combined-state-upper-subordinate-services-examination-pcs
uppsc photo resize,exam-file-prepare,tool,en,1,/exam/uppsc-one-time-registration,explains,uppsc-one-time-registration,record uppsc-one-time-registration
uppsc ro aro photo resize,exam-file-prepare,tool,en,1,/exam/uppsc-review-officer-assistant-review-officer,explains,uppsc-review-officer-assistant-review-officer,record uppsc-review-officer-assistant-review-officer
uppsc ro aro signature resize,exam-file-prepare,tool,en,1,/exam/uppsc-review-officer-assistant-review-officer,prepares,uppsc-review-officer-assistant-review-officer,record uppsc-review-officer-assistant-review-officer
uppsc signature resize,exam-file-prepare,tool,en,1,/exam/uppsc-one-time-registration,prepares,uppsc-one-time-registration,record uppsc-one-time-registration
upsc capf photo resize,exam-file-prepare,tool,en,1,/exam/upsc-capf-assistant-commandants-examination-2026,prepares,upsc-capf-assistant-commandants-examination-2026,record upsc-capf-assistant-commandants-examination-2026
upsc capf signature resize,exam-file-prepare,tool,en,1,/exam/upsc-capf-assistant-commandants-examination-2026,prepares,upsc-capf-assistant-commandants-examination-2026,record upsc-capf-assistant-commandants-examination-2026
upsc cds photo resize,exam-file-prepare,tool,en,1,/exam/upsc-combined-defence-services-examination-ii-2026,prepares,upsc-combined-defence-services-examination-ii-2026,record upsc-combined-defence-services-examination-ii-2026
upsc cds signature resize,exam-file-prepare,tool,en,1,/exam/upsc-combined-defence-services-examination-ii-2026,prepares,upsc-combined-defence-services-examination-ii-2026,record upsc-combined-defence-services-examination-ii-2026
upsc cse photo resize,exam-file-prepare,tool,en,1,/exam/upsc-civil-services-examination-2026,prepares,upsc-civil-services-examination-2026,record upsc-civil-services-examination-2026
upsc cse signature resize,exam-file-prepare,tool,en,1,/exam/upsc-civil-services-examination-2026,prepares,upsc-civil-services-examination-2026,record upsc-civil-services-examination-2026
upsc ese photo resize,exam-file-prepare,tool,en,1,/exam/upsc-engineering-services-examination,explains,upsc-engineering-services-examination,record upsc-engineering-services-examination
upsc ese signature resize,exam-file-prepare,tool,en,1,/exam/upsc-engineering-services-examination,prepares,upsc-engineering-services-examination,record upsc-engineering-services-examination
upsc nda photo resize,exam-file-prepare,tool,en,1,/exam/upsc-nda-na-examination-ii-2026,prepares,upsc-nda-na-examination-ii-2026,record upsc-nda-na-examination-ii-2026
upsc nda signature resize,exam-file-prepare,tool,en,1,/exam/upsc-nda-na-examination-ii-2026,prepares,upsc-nda-na-examination-ii-2026,record upsc-nda-na-examination-ii-2026
upsc prelims photo resize,exam-file-prepare,tool,en,1,/exam/upsc-civil-services-examination-2026,prepares,upsc-civil-services-examination-2026,record upsc-civil-services-examination-2026
upsc prelims signature resize,exam-file-prepare,tool,en,1,/exam/upsc-civil-services-examination-2026,prepares,upsc-civil-services-examination-2026,record upsc-civil-services-examination-2026
upsssc pet photo resize,exam-file-prepare,tool,en,1,/exam/upsssc-preliminary-eligibility-test-pet,explains,upsssc-preliminary-eligibility-test-pet,record upsssc-preliminary-eligibility-test-pet
upsssc pet signature resize,exam-file-prepare,tool,en,1,/exam/upsssc-preliminary-eligibility-test-pet,prepares,upsssc-preliminary-eligibility-test-pet,record upsssc-preliminary-eligibility-test-pet
vyapam pre bed photo resize,exam-file-prepare,tool,en,1,/exam/cg-vyapam-pre-b-ed-entrance-examination,explains,cg-vyapam-pre-b-ed-entrance-examination,record cg-vyapam-pre-b-ed-entrance-examination
vyapam pre bed signature resize,exam-file-prepare,tool,en,1,/exam/cg-vyapam-pre-b-ed-entrance-examination,prepares,cg-vyapam-pre-b-ed-entrance-examination,record cg-vyapam-pre-b-ed-entrance-examination
wb primary tet photo resize,exam-file-prepare,tool,en,1,/exam/west-bengal-primary-teacher-eligibility-test,explains,west-bengal-primary-teacher-eligibility-test,record west-bengal-primary-teacher-eligibility-test
wb primary tet signature resize,exam-file-prepare,tool,en,1,/exam/west-bengal-primary-teacher-eligibility-test,prepares,west-bengal-primary-teacher-eligibility-test,record west-bengal-primary-teacher-eligibility-test
wb tet photo resize,exam-file-prepare,tool,en,1,/exam/west-bengal-primary-teacher-eligibility-test,explains,west-bengal-primary-teacher-eligibility-test,record west-bengal-primary-teacher-eligibility-test
wb tet signature resize,exam-file-prepare,tool,en,1,/exam/west-bengal-primary-teacher-eligibility-test,prepares,west-bengal-primary-teacher-eligibility-test,record west-bengal-primary-teacher-eligibility-test
wbcs photo resize,exam-file-prepare,tool,en,1,/exam/wbpsc-wbcs-online-application,prepares,wbpsc-wbcs-online-application,record wbpsc-wbcs-online-application
wbcs signature resize,exam-file-prepare,tool,en,1,/exam/wbpsc-wbcs-online-application,prepares,wbpsc-wbcs-online-application,record wbpsc-wbcs-online-application
wbjee photo resize,exam-file-prepare,tool,en,1,/exam/wbjee-2026,prepares,wbjee-2026,record wbjee-2026
wbjee signature resize,exam-file-prepare,tool,en,1,/exam/wbjee-2026,prepares,wbjee-2026,record wbjee-2026
wbpsc photo resize,exam-file-prepare,tool,en,1,/exam/wbpsc-wbcs-online-application,prepares,wbpsc-wbcs-online-application,record wbpsc-wbcs-online-application
wbpsc signature resize,exam-file-prepare,tool,en,1,/exam/wbpsc-wbcs-online-application,prepares,wbpsc-wbcs-online-application,record wbpsc-wbcs-online-application
wbssc slst photo resize,exam-file-prepare,tool,en,1,/exam/west-bengal-school-service-commission-slst-assistant-teacher-recruitment,prepares,west-bengal-school-service-commission-slst-assistant-teacher-recruitment,record west-bengal-school-service-commission-slst-assistant-teacher-recruitment
west bengal joint entrance examination photo resize,exam-file-prepare,tool,en,1,/exam/wbjee-2026,prepares,wbjee-2026,record wbjee-2026
west bengal joint entrance examination signature resize,exam-file-prepare,tool,en,1,/exam/wbjee-2026,prepares,wbjee-2026,record wbjee-2026
west bengal psc photo resize,exam-file-prepare,tool,en,1,/exam/wbpsc-wbcs-online-application,prepares,wbpsc-wbcs-online-application,record wbpsc-wbcs-online-application
west bengal psc signature resize,exam-file-prepare,tool,en,1,/exam/wbpsc-wbcs-online-application,prepares,wbpsc-wbcs-online-application,record wbpsc-wbcs-online-application
west bengal ssc teacher photo resize,exam-file-prepare,tool,en,1,/exam/west-bengal-school-service-commission-slst-assistant-teacher-recruitment,prepares,west-bengal-school-service-commission-slst-assistant-teacher-recruitment,record west-bengal-school-service-commission-slst-assistant-teacher-recruitment
xat photo resize,exam-file-prepare,tool,en,1,/exam/xavier-aptitude-test,prepares,xavier-aptitude-test,record xavier-aptitude-test
xat signature resize,exam-file-prepare,tool,en,1,/exam/xavier-aptitude-test,prepares,xavier-aptitude-test,record xavier-aptitude-test
xlri xat photo resize,exam-file-prepare,tool,en,1,/exam/xavier-aptitude-test,prepares,xavier-aptitude-test,record xavier-aptitude-test
xlri xat signature resize,exam-file-prepare,tool,en,1,/exam/xavier-aptitude-test,prepares,xavier-aptitude-test,record xavier-aptitude-test
adre grade iii photo size,exam-file-size,informational,en,1,/exam/assam-direct-recruitment-grade-iii/rules,explains,assam-direct-recruitment-grade-iii,record assam-direct-recruitment-grade-iii
adre grade iii signature size,exam-file-size,informational,en,1,/exam/assam-direct-recruitment-grade-iii/rules,explains,assam-direct-recruitment-grade-iii,record assam-direct-recruitment-grade-iii
adre grade iv photo size,exam-file-size,informational,en,1,/exam/assam-direct-recruitment-grade-iv/rules,explains,assam-direct-recruitment-grade-iv,record assam-direct-recruitment-grade-iv
adre grade iv signature size,exam-file-size,informational,en,1,/exam/assam-direct-recruitment-grade-iv/rules,explains,assam-direct-recruitment-grade-iv,record assam-direct-recruitment-grade-iv
agnipath photo size,exam-file-size,informational,en,1,/exam/indian-army-agniveer-cee-2025-26-online-upload/rules,explains,indian-army-agniveer-cee-2025-26-online-upload|indian-army-agniveer-recruitment,record indian-army-agniveer-cee-2025-26-online-upload
agnipath signature size,exam-file-size,informational,en,1,/exam/indian-army-agniveer-cee-2025-26-online-upload/rules,explains,indian-army-agniveer-cee-2025-26-online-upload|indian-army-agniveer-recruitment,record indian-army-agniveer-cee-2025-26-online-upload
agniveer cee photo size,exam-file-size,informational,en,1,/exam/indian-army-agniveer-cee-2025-26-online-upload/rules,explains,indian-army-agniveer-cee-2025-26-online-upload,record indian-army-agniveer-cee-2025-26-online-upload
agniveer cee signature size,exam-file-size,informational,en,1,/exam/indian-army-agniveer-cee-2025-26-online-upload/rules,explains,indian-army-agniveer-cee-2025-26-online-upload,record indian-army-agniveer-cee-2025-26-online-upload
agniveer photo size,exam-file-size,informational,en,1,/exam/indian-army-agniveer-cee-2025-26-online-upload/rules,explains,indian-army-agniveer-cee-2025-26-online-upload|indian-army-agniveer-recruitment|indian-air-force-agniveervayu-recruitment|indian-army-agniveer-cee-2025-26-online-upload|indian-army-agniveer-recruitment|upsc-combined-defence-services-examination-ii-2026|upsc-nda-na-examination-ii-2026,record indian-army-agniveer-cee-2025-26-online-upload
agniveer signature size,exam-file-size,informational,en,1,/exam/indian-army-agniveer-cee-2025-26-online-upload/rules,explains,indian-army-agniveer-cee-2025-26-online-upload|indian-army-agniveer-recruitment|indian-air-force-agniveervayu-recruitment|indian-army-agniveer-cee-2025-26-online-upload|indian-army-agniveer-recruitment|upsc-combined-defence-services-examination-ii-2026|upsc-nda-na-examination-ii-2026,record indian-army-agniveer-cee-2025-26-online-upload
agniveervayu photo size,exam-file-size,informational,en,1,/exam/indian-air-force-agniveervayu-recruitment/rules,explains,indian-air-force-agniveervayu-recruitment,record indian-air-force-agniveervayu-recruitment
agniveervayu signature size,exam-file-size,informational,en,1,/exam/indian-air-force-agniveervayu-recruitment/rules,explains,indian-air-force-agniveervayu-recruitment,record indian-air-force-agniveervayu-recruitment
aima mat photo size,exam-file-size,informational,en,1,/exam/management-aptitude-test-2026/rules,explains,management-aptitude-test-2026,record management-aptitude-test-2026
aima mat signature size,exam-file-size,informational,en,1,/exam/management-aptitude-test-2026/rules,explains,management-aptitude-test-2026,record management-aptitude-test-2026
air force agniveer photo size,exam-file-size,informational,en,1,/exam/indian-air-force-agniveervayu-recruitment/rules,explains,indian-air-force-agniveervayu-recruitment,record indian-air-force-agniveervayu-recruitment
air force agniveer signature size,exam-file-size,informational,en,1,/exam/indian-air-force-agniveervayu-recruitment/rules,explains,indian-air-force-agniveervayu-recruitment,record indian-air-force-agniveervayu-recruitment
aissee photo size,exam-file-size,informational,en,1,/exam/all-india-sainik-schools-entrance-examination/rules,explains,all-india-sainik-schools-entrance-examination,record all-india-sainik-schools-entrance-examination
aissee signature size,exam-file-size,informational,en,1,/exam/all-india-sainik-schools-entrance-examination/rules,explains,all-india-sainik-schools-entrance-examination,record all-india-sainik-schools-entrance-examination
ap dsc photo size,exam-file-size,informational,en,1,/exam/ap-mega-dsc-teacher-recruitment/rules,explains,ap-mega-dsc-teacher-recruitment,record ap-mega-dsc-teacher-recruitment
ap dsc signature size,exam-file-size,informational,en,1,/exam/ap-mega-dsc-teacher-recruitment/rules,explains,ap-mega-dsc-teacher-recruitment,record ap-mega-dsc-teacher-recruitment
ap forest beat officer photo size,exam-file-size,informational,en,1,/exam/appsc-forest-beat-officer-assistant-beat-officer-2025/rules,explains,appsc-forest-beat-officer-assistant-beat-officer-2025,record appsc-forest-beat-officer-assistant-beat-officer-2025
ap forest beat officer signature size,exam-file-size,informational,en,1,/exam/appsc-forest-beat-officer-assistant-beat-officer-2025/rules,explains,appsc-forest-beat-officer-assistant-beat-officer-2025,record appsc-forest-beat-officer-assistant-beat-officer-2025
ap group i photo size,exam-file-size,informational,en,1,/exam/appsc-group-i-services-examination/rules,explains,appsc-group-i-services-examination,record appsc-group-i-services-examination
ap group i signature size,exam-file-size,informational,en,1,/exam/appsc-group-i-services-examination/rules,explains,appsc-group-i-services-examination,record appsc-group-i-services-examination
ap group ii photo size,exam-file-size,informational,en,1,/exam/appsc-group-ii-services-examination/rules,explains,appsc-group-ii-services-examination,record appsc-group-ii-services-examination
ap group ii signature size,exam-file-size,informational,en,1,/exam/appsc-group-ii-services-examination/rules,explains,appsc-group-ii-services-examination,record appsc-group-ii-services-examination
ap polytechnic photo size,exam-file-size,informational,en,1,/exam/ap-polycet/rules,explains,ap-polycet,record ap-polycet
ap polytechnic signature size,exam-file-size,informational,en,1,/exam/ap-polycet/rules,explains,ap-polycet,record ap-polycet
ap teacher recruitment photo size,exam-file-size,informational,en,1,/exam/ap-mega-dsc-teacher-recruitment/rules,explains,ap-mega-dsc-teacher-recruitment,record ap-mega-dsc-teacher-recruitment
ap teacher recruitment signature size,exam-file-size,informational,en,1,/exam/ap-mega-dsc-teacher-recruitment/rules,explains,ap-mega-dsc-teacher-recruitment,record ap-mega-dsc-teacher-recruitment
ap tet signature size,exam-file-size,informational,en,1,/exam/andhra-pradesh-teacher-eligibility-test/rules,explains,andhra-pradesh-teacher-eligibility-test,record andhra-pradesh-teacher-eligibility-test
appsc fbo photo size,exam-file-size,informational,en,1,/exam/appsc-forest-beat-officer-assistant-beat-officer-2025/rules,explains,appsc-forest-beat-officer-assistant-beat-officer-2025,record appsc-forest-beat-officer-assistant-beat-officer-2025
appsc fbo signature size,exam-file-size,informational,en,1,/exam/appsc-forest-beat-officer-assistant-beat-officer-2025/rules,explains,appsc-forest-beat-officer-assistant-beat-officer-2025,record appsc-forest-beat-officer-assistant-beat-officer-2025
appsc group 1 photo size,exam-file-size,informational,en,1,/exam/appsc-group-i-services-examination/rules,explains,appsc-group-i-services-examination,record appsc-group-i-services-examination
appsc group 1 signature size,exam-file-size,informational,en,1,/exam/appsc-group-i-services-examination/rules,explains,appsc-group-i-services-examination,record appsc-group-i-services-examination
appsc group 2 photo size,exam-file-size,informational,en,1,/exam/appsc-group-ii-services-examination/rules,explains,appsc-group-ii-services-examination,record appsc-group-ii-services-examination
appsc group 2 signature size,exam-file-size,informational,en,1,/exam/appsc-group-ii-services-examination/rules,explains,appsc-group-ii-services-examination,record appsc-group-ii-services-examination
army agniveer photo size,exam-file-size,informational,en,1,/exam/indian-army-agniveer-cee-2025-26-online-upload/rules,explains,indian-army-agniveer-cee-2025-26-online-upload|indian-army-agniveer-recruitment,record indian-army-agniveer-cee-2025-26-online-upload
army agniveer signature size,exam-file-size,informational,en,1,/exam/indian-army-agniveer-cee-2025-26-online-upload/rules,explains,indian-army-agniveer-cee-2025-26-online-upload|indian-army-agniveer-recruitment,record indian-army-agniveer-cee-2025-26-online-upload
assam adre photo size,exam-file-size,informational,en,1,/exam/assam-direct-recruitment-grade-iii/rules,explains,assam-direct-recruitment-grade-iii,record assam-direct-recruitment-grade-iii
assam adre signature size,exam-file-size,informational,en,1,/exam/assam-direct-recruitment-grade-iii/rules,explains,assam-direct-recruitment-grade-iii,record assam-direct-recruitment-grade-iii
assam grade 3 photo size,exam-file-size,informational,en,1,/exam/assam-direct-recruitment-grade-iii/rules,explains,assam-direct-recruitment-grade-iii,record assam-direct-recruitment-grade-iii
assam grade 3 signature size,exam-file-size,informational,en,1,/exam/assam-direct-recruitment-grade-iii/rules,explains,assam-direct-recruitment-grade-iii,record assam-direct-recruitment-grade-iii
assam grade 4 photo size,exam-file-size,informational,en,1,/exam/assam-direct-recruitment-grade-iv/rules,explains,assam-direct-recruitment-grade-iv,record assam-direct-recruitment-grade-iv
assam grade 4 signature size,exam-file-size,informational,en,1,/exam/assam-direct-recruitment-grade-iv/rules,explains,assam-direct-recruitment-grade-iv,record assam-direct-recruitment-grade-iv
bihar bed cet photo size,exam-file-size,informational,en,1,/exam/bihar-b-ed-common-entrance-test/rules,explains,bihar-b-ed-common-entrance-test,record bihar-b-ed-common-entrance-test
bihar bed cet signature size,exam-file-size,informational,en,1,/exam/bihar-b-ed-common-entrance-test/rules,explains,bihar-b-ed-common-entrance-test,record bihar-b-ed-common-entrance-test
bihar bed photo size,exam-file-size,informational,en,1,/exam/bihar-b-ed-common-entrance-test/rules,explains,bihar-b-ed-common-entrance-test,record bihar-b-ed-common-entrance-test
bihar bed signature size,exam-file-size,informational,en,1,/exam/bihar-b-ed-common-entrance-test/rules,explains,bihar-b-ed-common-entrance-test,record bihar-b-ed-common-entrance-test
bihar deled photo size,exam-file-size,informational,en,1,/exam/bihar-d-el-ed-joint-entrance-examination/rules,explains,bihar-d-el-ed-joint-entrance-examination,record bihar-d-el-ed-joint-entrance-examination
bihar deled signature size,exam-file-size,informational,en,1,/exam/bihar-d-el-ed-joint-entrance-examination/rules,explains,bihar-d-el-ed-joint-entrance-examination,record bihar-d-el-ed-joint-entrance-examination
bihar police constable photo size,exam-file-size,informational,en,1,/exam/bihar-police-constable-recruitment/rules,explains,bihar-police-constable-recruitment,record bihar-police-constable-recruitment
bihar police constable signature size,exam-file-size,informational,en,1,/exam/bihar-police-constable-recruitment/rules,explains,bihar-police-constable-recruitment,record bihar-police-constable-recruitment
bihar police photo size,exam-file-size,informational,en,1,/exam/bihar-police-constable-recruitment/rules,explains,bihar-police-constable-recruitment,record bihar-police-constable-recruitment
bihar police signature size,exam-file-size,informational,en,1,/exam/bihar-police-constable-recruitment/rules,explains,bihar-police-constable-recruitment,record bihar-police-constable-recruitment
bihar psc signature size,exam-file-size,informational,en,1,/exam/bpsc-online-application/rules,explains,bpsc-online-application,record bpsc-online-application
bihar ssc inter level signature size,exam-file-size,informational,en,1,/exam/bssc-second-inter-level-combined-competitive-examination/rules,explains,bssc-second-inter-level-combined-competitive-examination,record bssc-second-inter-level-combined-competitive-examination
bihar stet photo size,exam-file-size,informational,en,1,/exam/bihar-secondary-teacher-eligibility-test/rules,explains,bihar-secondary-teacher-eligibility-test,record bihar-secondary-teacher-eligibility-test
bihar stet signature size,exam-file-size,informational,en,1,/exam/bihar-secondary-teacher-eligibility-test/rules,explains,bihar-secondary-teacher-eligibility-test,record bihar-secondary-teacher-eligibility-test
bihar teacher recruitment signature size,exam-file-size,informational,en,1,/exam/bpsc-teacher-recruitment-examination-tre/rules,explains,bpsc-teacher-recruitment-examination-tre,record bpsc-teacher-recruitment-examination-tre
bits pilani photo size,exam-file-size,informational,en,1,/exam/bits-admission-test/rules,explains,bits-admission-test,record bits-admission-test
bits pilani signature size,exam-file-size,informational,en,1,/exam/bits-admission-test/rules,explains,bits-admission-test,record bits-admission-test
bitsat photo size,exam-file-size,informational,en,1,/exam/bits-admission-test/rules,explains,bits-admission-test,record bits-admission-test
bitsat signature size,exam-file-size,informational,en,1,/exam/bits-admission-test/rules,explains,bits-admission-test,record bits-admission-test
bpsc signature size,exam-file-size,informational,en,1,/exam/bpsc-online-application/rules,explains,bpsc-online-application,record bpsc-online-application
bpsc teacher signature size,exam-file-size,informational,en,1,/exam/bpsc-teacher-recruitment-examination-tre/rules,explains,bpsc-teacher-recruitment-examination-tre,record bpsc-teacher-recruitment-examination-tre
bpsc tre signature size,exam-file-size,informational,en,1,/exam/bpsc-teacher-recruitment-examination-tre/rules,explains,bpsc-teacher-recruitment-examination-tre,record bpsc-teacher-recruitment-examination-tre
bseb deled photo size,exam-file-size,informational,en,1,/exam/bihar-d-el-ed-joint-entrance-examination/rules,explains,bihar-d-el-ed-joint-entrance-examination,record bihar-d-el-ed-joint-entrance-examination
bseb deled signature size,exam-file-size,informational,en,1,/exam/bihar-d-el-ed-joint-entrance-examination/rules,explains,bihar-d-el-ed-joint-entrance-examination,record bihar-d-el-ed-joint-entrance-examination
bseb stet photo size,exam-file-size,informational,en,1,/exam/bihar-secondary-teacher-eligibility-test/rules,explains,bihar-secondary-teacher-eligibility-test,record bihar-secondary-teacher-eligibility-test
bseb stet signature size,exam-file-size,informational,en,1,/exam/bihar-secondary-teacher-eligibility-test/rules,explains,bihar-secondary-teacher-eligibility-test,record bihar-secondary-teacher-eligibility-test
bssc inter level signature size,exam-file-size,informational,en,1,/exam/bssc-second-inter-level-combined-competitive-examination/rules,explains,bssc-second-inter-level-combined-competitive-examination,record bssc-second-inter-level-combined-competitive-examination
bstc photo size,exam-file-size,informational,en,1,/exam/rajasthan-pre-d-el-ed-examination-bstc/rules,explains,rajasthan-pre-d-el-ed-examination-bstc,record rajasthan-pre-d-el-ed-examination-bstc
bstc signature size,exam-file-size,informational,en,1,/exam/rajasthan-pre-d-el-ed-examination-bstc/rules,explains,rajasthan-pre-d-el-ed-examination-bstc,record rajasthan-pre-d-el-ed-examination-bstc
ca foundation photo size,exam-file-size,informational,en,1,/exam/icai-examination-portal/rules,explains,icai-examination-portal,record icai-examination-portal
ca foundation signature size,exam-file-size,informational,en,1,/exam/icai-examination-portal/rules,explains,icai-examination-portal,record icai-examination-portal
ca intermediate photo size,exam-file-size,informational,en,1,/exam/icai-examination-portal/rules,explains,icai-examination-portal,record icai-examination-portal
ca intermediate signature size,exam-file-size,informational,en,1,/exam/icai-examination-portal/rules,explains,icai-examination-portal,record icai-examination-portal
ca photo size,exam-file-size,informational,en,1,/exam/icai-examination-portal/rules,explains,icai-examination-portal,record icai-examination-portal
ca signature size,exam-file-size,informational,en,1,/exam/icai-examination-portal/rules,explains,icai-examination-portal,record icai-examination-portal
capf ac 2026 photo size,exam-file-size,informational,en,1,/exam/upsc-capf-assistant-commandants-examination-2026/rules,explains,upsc-capf-assistant-commandants-examination-2026,record upsc-capf-assistant-commandants-examination-2026
capf ac 2026 signature size,exam-file-size,informational,en,1,/exam/upsc-capf-assistant-commandants-examination-2026/rules,explains,upsc-capf-assistant-commandants-examination-2026,record upsc-capf-assistant-commandants-examination-2026
capf ac photo size,exam-file-size,informational,en,1,/exam/upsc-capf-assistant-commandants-examination-2026/rules,explains,upsc-capf-assistant-commandants-examination-2026,record upsc-capf-assistant-commandants-examination-2026
capf ac signature size,exam-file-size,informational,en,1,/exam/upsc-capf-assistant-commandants-examination-2026/rules,explains,upsc-capf-assistant-commandants-examination-2026,record upsc-capf-assistant-commandants-examination-2026
capf photo size,exam-file-size,informational,en,1,/exam/upsc-capf-assistant-commandants-examination-2026/rules,explains,upsc-capf-assistant-commandants-examination-2026,record upsc-capf-assistant-commandants-examination-2026
capf signature size,exam-file-size,informational,en,1,/exam/upsc-capf-assistant-commandants-examination-2026/rules,explains,upsc-capf-assistant-commandants-examination-2026,record upsc-capf-assistant-commandants-examination-2026
cat 2025 photo size,exam-file-size,informational,en,1,/exam/common-admission-test-2025/rules,explains,common-admission-test-2025,record common-admission-test-2025
cat 2025 signature size,exam-file-size,informational,en,1,/exam/common-admission-test-2025/rules,explains,common-admission-test-2025,record common-admission-test-2025
cat photo size,exam-file-size,informational,en,1,/exam/common-admission-test-2025/rules,explains,common-admission-test-2025,record common-admission-test-2025
cat signature size,exam-file-size,informational,en,1,/exam/common-admission-test-2025/rules,explains,common-admission-test-2025,record common-admission-test-2025
cbse class 11 registration photo size,exam-file-size,informational,en,1,/exam/cbse-classes-ix-xi-registration-2025-26/rules,explains,cbse-classes-ix-xi-registration-2025-26,record cbse-classes-ix-xi-registration-2025-26
cbse class 9 registration photo size,exam-file-size,informational,en,1,/exam/cbse-classes-ix-xi-registration-2025-26/rules,explains,cbse-classes-ix-xi-registration-2025-26,record cbse-classes-ix-xi-registration-2025-26
cbse registration photo size,exam-file-size,informational,en,1,/exam/cbse-classes-ix-xi-registration-2025-26/rules,explains,cbse-classes-ix-xi-registration-2025-26,record cbse-classes-ix-xi-registration-2025-26
cds ii 2026 photo size,exam-file-size,informational,en,1,/exam/upsc-combined-defence-services-examination-ii-2026/rules,explains,upsc-combined-defence-services-examination-ii-2026,record upsc-combined-defence-services-examination-ii-2026
cds ii 2026 signature size,exam-file-size,informational,en,1,/exam/upsc-combined-defence-services-examination-ii-2026/rules,explains,upsc-combined-defence-services-examination-ii-2026,record upsc-combined-defence-services-examination-ii-2026
cds photo size,exam-file-size,informational,en,1,/exam/upsc-combined-defence-services-examination-ii-2026/rules,explains,upsc-combined-defence-services-examination-ii-2026,record upsc-combined-defence-services-examination-ii-2026
cds signature size,exam-file-size,informational,en,1,/exam/upsc-combined-defence-services-examination-ii-2026/rules,explains,upsc-combined-defence-services-examination-ii-2026,record upsc-combined-defence-services-examination-ii-2026
central armed police forces photo size,exam-file-size,informational,en,1,/exam/upsc-capf-assistant-commandants-examination-2026/rules,explains,upsc-capf-assistant-commandants-examination-2026,record upsc-capf-assistant-commandants-examination-2026
central armed police forces signature size,exam-file-size,informational,en,1,/exam/upsc-capf-assistant-commandants-examination-2026/rules,explains,upsc-capf-assistant-commandants-examination-2026,record upsc-capf-assistant-commandants-examination-2026
central teacher eligibility test photo size,exam-file-size,informational,en,1,/exam/ctet-september-2026/rules,explains,ctet-september-2026,record ctet-september-2026
central teacher eligibility test signature size,exam-file-size,informational,en,1,/exam/ctet-september-2026/rules,explains,ctet-september-2026,record ctet-september-2026
cg pre bed photo size,exam-file-size,informational,en,1,/exam/cg-vyapam-pre-b-ed-entrance-examination/rules,explains,cg-vyapam-pre-b-ed-entrance-examination,record cg-vyapam-pre-b-ed-entrance-examination
cg pre bed signature size,exam-file-size,informational,en,1,/exam/cg-vyapam-pre-b-ed-entrance-examination/rules,explains,cg-vyapam-pre-b-ed-entrance-examination,record cg-vyapam-pre-b-ed-entrance-examination
cg vyapam bed photo size,exam-file-size,informational,en,1,/exam/cg-vyapam-pre-b-ed-entrance-examination/rules,explains,cg-vyapam-pre-b-ed-entrance-examination,record cg-vyapam-pre-b-ed-entrance-examination
cg vyapam bed signature size,exam-file-size,informational,en,1,/exam/cg-vyapam-pre-b-ed-entrance-examination/rules,explains,cg-vyapam-pre-b-ed-entrance-examination,record cg-vyapam-pre-b-ed-entrance-examination
cgl photo size,exam-file-size,informational,en,1,/exam/ssc-combined-graduate-level-examination-2026-live-capture/rules,explains,ssc-combined-graduate-level-examination-2026-live-capture,record ssc-combined-graduate-level-examination-2026-live-capture
cgl signature size,exam-file-size,informational,en,1,/exam/ssc-combined-graduate-level-examination-2026-live-capture/rules,explains,ssc-combined-graduate-level-examination-2026-live-capture,record ssc-combined-graduate-level-examination-2026-live-capture
chsl photo size,exam-file-size,informational,en,1,/exam/ssc-combined-higher-secondary-10-2-level-examination-2025-live-capture/rules,explains,ssc-combined-higher-secondary-10-2-level-examination-2025-live-capture,record ssc-combined-higher-secondary-10-2-level-examination-2025-live-capture
chsl signature size,exam-file-size,informational,en,1,/exam/ssc-combined-higher-secondary-10-2-level-examination-2025-live-capture/rules,explains,ssc-combined-higher-secondary-10-2-level-examination-2025-live-capture,record ssc-combined-higher-secondary-10-2-level-examination-2025-live-capture
civil services examination photo size,exam-file-size,informational,en,1,/exam/upsc-civil-services-examination-2026/rules,explains,upsc-civil-services-examination-2026,record upsc-civil-services-examination-2026
civil services examination signature size,exam-file-size,informational,en,1,/exam/upsc-civil-services-examination-2026/rules,explains,upsc-civil-services-examination-2026,record upsc-civil-services-examination-2026
combined defence services photo size,exam-file-size,informational,en,1,/exam/upsc-combined-defence-services-examination-ii-2026/rules,explains,upsc-combined-defence-services-examination-ii-2026,record upsc-combined-defence-services-examination-ii-2026
combined defence services signature size,exam-file-size,informational,en,1,/exam/upsc-combined-defence-services-examination-ii-2026/rules,explains,upsc-combined-defence-services-examination-ii-2026,record upsc-combined-defence-services-examination-ii-2026
common university entrance test pg photo size,exam-file-size,informational,en,1,/exam/cuet-pg-2026/rules,explains,cuet-pg-2026,record cuet-pg-2026
common university entrance test pg signature size,exam-file-size,informational,en,1,/exam/cuet-pg-2026/rules,explains,cuet-pg-2026,record cuet-pg-2026
common university entrance test photo size,exam-file-size,informational,en,1,/exam/cuet-ug-2026/rules,explains,cuet-ug-2026,record cuet-ug-2026
common university entrance test signature size,exam-file-size,informational,en,1,/exam/cuet-ug-2026/rules,explains,cuet-ug-2026,record cuet-ug-2026
company secretary photo size,exam-file-size,informational,en,1,/exam/icsi-student-registration-and-examination/rules,explains,icsi-student-registration-and-examination,record icsi-student-registration-and-examination
company secretary signature size,exam-file-size,informational,en,1,/exam/icsi-student-registration-and-examination/rules,explains,icsi-student-registration-and-examination,record icsi-student-registration-and-examination
cs photo size,exam-file-size,informational,en,1,/exam/icsi-student-registration-and-examination/rules,explains,icsi-student-registration-and-examination,record icsi-student-registration-and-examination
cs signature size,exam-file-size,informational,en,1,/exam/icsi-student-registration-and-examination/rules,explains,icsi-student-registration-and-examination,record icsi-student-registration-and-examination
csbc bihar police photo size,exam-file-size,informational,en,1,/exam/bihar-police-constable-recruitment/rules,explains,bihar-police-constable-recruitment,record bihar-police-constable-recruitment
csbc bihar police signature size,exam-file-size,informational,en,1,/exam/bihar-police-constable-recruitment/rules,explains,bihar-police-constable-recruitment,record bihar-police-constable-recruitment
cse 2026 photo size,exam-file-size,informational,en,1,/exam/upsc-civil-services-examination-2026/rules,explains,upsc-civil-services-examination-2026,record upsc-civil-services-examination-2026
cse 2026 signature size,exam-file-size,informational,en,1,/exam/upsc-civil-services-examination-2026/rules,explains,upsc-civil-services-examination-2026,record upsc-civil-services-examination-2026
cse photo size,exam-file-size,informational,en,1,/exam/upsc-civil-services-examination-2026/rules,explains,upsc-civil-services-examination-2026,record upsc-civil-services-examination-2026
cse signature size,exam-file-size,informational,en,1,/exam/upsc-civil-services-examination-2026/rules,explains,upsc-civil-services-examination-2026,record upsc-civil-services-examination-2026
csir net photo size,exam-file-size,informational,en,1,/exam/joint-csir-ugc-net/rules,explains,joint-csir-ugc-net,record joint-csir-ugc-net
csir net signature size,exam-file-size,informational,en,1,/exam/joint-csir-ugc-net/rules,explains,joint-csir-ugc-net,record joint-csir-ugc-net
csir ugc net photo size,exam-file-size,informational,en,1,/exam/joint-csir-ugc-net/rules,explains,joint-csir-ugc-net,record joint-csir-ugc-net
csir ugc net signature size,exam-file-size,informational,en,1,/exam/joint-csir-ugc-net/rules,explains,joint-csir-ugc-net,record joint-csir-ugc-net
ctet photo size,exam-file-size,informational,en,1,/exam/ctet-september-2026/rules,explains,ctet-september-2026,record ctet-september-2026
ctet signature size,exam-file-size,informational,en,1,/exam/ctet-september-2026/rules,explains,ctet-september-2026,record ctet-september-2026
cuet pg photo size,exam-file-size,informational,en,1,/exam/cuet-pg-2026/rules,explains,cuet-pg-2026,record cuet-pg-2026
cuet pg signature size,exam-file-size,informational,en,1,/exam/cuet-pg-2026/rules,explains,cuet-pg-2026,record cuet-pg-2026
cuet photo size,exam-file-size,informational,en,1,/exam/cuet-ug-2026/rules,explains,cuet-ug-2026,record cuet-ug-2026
cuet signature size,exam-file-size,informational,en,1,/exam/cuet-ug-2026/rules,explains,cuet-ug-2026,record cuet-ug-2026
cuet ug photo size,exam-file-size,informational,en,1,/exam/cuet-ug-2026/rules,explains,cuet-ug-2026,record cuet-ug-2026
cuet ug signature size,exam-file-size,informational,en,1,/exam/cuet-ug-2026/rules,explains,cuet-ug-2026,record cuet-ug-2026
delhi police constable signature size,exam-file-size,informational,en,1,/exam/delhi-police-constable-executive/rules,explains,delhi-police-constable-executive,record delhi-police-constable-executive
delhi police si signature size,exam-file-size,informational,en,1,/exam/ssc-sub-inspector-in-delhi-police-and-capfs-examination/rules,explains,ssc-sub-inspector-in-delhi-police-and-capfs-examination,record ssc-sub-inspector-in-delhi-police-and-capfs-examination
delhi police signature size,exam-file-size,informational,en,1,/exam/delhi-police-constable-executive/rules,explains,delhi-police-constable-executive,record delhi-police-constable-executive
delhi sssb photo size,exam-file-size,informational,en,1,/exam/dsssb-recruitment-examinations/rules,explains,dsssb-recruitment-examinations,record dsssb-recruitment-examinations
delhi sssb signature size,exam-file-size,informational,en,1,/exam/dsssb-recruitment-examinations/rules,explains,dsssb-recruitment-examinations,record dsssb-recruitment-examinations
dsssb photo size,exam-file-size,informational,en,1,/exam/dsssb-recruitment-examinations/rules,explains,dsssb-recruitment-examinations,record dsssb-recruitment-examinations
dsssb signature size,exam-file-size,informational,en,1,/exam/dsssb-recruitment-examinations/rules,explains,dsssb-recruitment-examinations,record dsssb-recruitment-examinations
eamcet photo size,exam-file-size,informational,en,1,/exam/tg-eapcet/rules,explains,tg-eapcet,record tg-eapcet
eamcet signature size,exam-file-size,informational,en,1,/exam/tg-eapcet/rules,explains,tg-eapcet,record tg-eapcet
engineering services examination photo size,exam-file-size,informational,en,1,/exam/upsc-engineering-services-examination/rules,explains,upsc-engineering-services-examination,record upsc-engineering-services-examination
engineering services examination signature size,exam-file-size,informational,en,1,/exam/upsc-engineering-services-examination/rules,explains,upsc-engineering-services-examination,record upsc-engineering-services-examination
ese photo size,exam-file-size,informational,en,1,/exam/upsc-engineering-services-examination/rules,explains,upsc-engineering-services-examination,record upsc-engineering-services-examination
ese signature size,exam-file-size,informational,en,1,/exam/upsc-engineering-services-examination/rules,explains,upsc-engineering-services-examination,record upsc-engineering-services-examination
gate photo size,exam-file-size,informational,en,1,/exam/gate-2026/rules,explains,gate-2026,record gate-2026
gate signature size,exam-file-size,informational,en,1,/exam/gate-2026/rules,explains,gate-2026,record gate-2026
gd constable photo size,exam-file-size,informational,en,1,/exam/ssc-constable-gd-examination-2025-live-capture/rules,explains,ssc-constable-gd-examination-2025-live-capture,record ssc-constable-gd-examination-2025-live-capture
gd constable signature size,exam-file-size,informational,en,1,/exam/ssc-constable-gd-examination-2025-live-capture/rules,explains,ssc-constable-gd-examination-2025-live-capture,record ssc-constable-gd-examination-2025-live-capture
gic am photo size,exam-file-size,informational,en,1,/exam/gic-assistant-manager-2024-25/rules,explains,gic-assistant-manager-2024-25,record gic-assistant-manager-2024-25
gic am signature size,exam-file-size,informational,en,1,/exam/gic-assistant-manager-2024-25/rules,explains,gic-assistant-manager-2024-25,record gic-assistant-manager-2024-25
graduate aptitude test in engineering photo size,exam-file-size,informational,en,1,/exam/gate-2026/rules,explains,gate-2026,record gate-2026
graduate aptitude test in engineering signature size,exam-file-size,informational,en,1,/exam/gate-2026/rules,explains,gate-2026,record gate-2026
gujarat cet photo size,exam-file-size,informational,en,1,/exam/gujcet/rules,explains,gujcet,record gujcet
gujarat cet signature size,exam-file-size,informational,en,1,/exam/gujcet/rules,explains,gujcet,record gujcet
gujarat common entrance test photo size,exam-file-size,informational,en,1,/exam/gujcet/rules,explains,gujcet,record gujcet
gujarat common entrance test signature size,exam-file-size,informational,en,1,/exam/gujcet/rules,explains,gujcet,record gujcet
gujarat lokrakshak photo size,exam-file-size,informational,en,1,/exam/gujarat-police-lokrakshak-recruitment/rules,explains,gujarat-police-lokrakshak-recruitment,record gujarat-police-lokrakshak-recruitment
gujarat lokrakshak signature size,exam-file-size,informational,en,1,/exam/gujarat-police-lokrakshak-recruitment/rules,explains,gujarat-police-lokrakshak-recruitment,record gujarat-police-lokrakshak-recruitment
gujarat police constable photo size,exam-file-size,informational,en,1,/exam/gujarat-police-lokrakshak-recruitment/rules,explains,gujarat-police-lokrakshak-recruitment,record gujarat-police-lokrakshak-recruitment
gujarat police constable signature size,exam-file-size,informational,en,1,/exam/gujarat-police-lokrakshak-recruitment/rules,explains,gujarat-police-lokrakshak-recruitment,record gujarat-police-lokrakshak-recruitment
gujarat police sub inspector photo size,exam-file-size,informational,en,1,/exam/gujarat-police-psi-recruitment/rules,explains,gujarat-police-psi-recruitment,record gujarat-police-psi-recruitment
gujarat police sub inspector signature size,exam-file-size,informational,en,1,/exam/gujarat-police-psi-recruitment/rules,explains,gujarat-police-psi-recruitment,record gujarat-police-psi-recruitment
gujarat psi photo size,exam-file-size,informational,en,1,/exam/gujarat-police-psi-recruitment/rules,explains,gujarat-police-psi-recruitment,record gujarat-police-psi-recruitment
gujarat psi signature size,exam-file-size,informational,en,1,/exam/gujarat-police-psi-recruitment/rules,explains,gujarat-police-psi-recruitment,record gujarat-police-psi-recruitment
haryana cet group d photo size,exam-file-size,informational,en,1,/exam/hssc-cet-group-d/rules,explains,hssc-cet-group-d,record hssc-cet-group-d
haryana cet group d signature size,exam-file-size,informational,en,1,/exam/hssc-cet-group-d/rules,explains,hssc-cet-group-d,record hssc-cet-group-d
haryana group c photo size,exam-file-size,informational,en,1,/exam/haryana-cet-group-c/rules,explains,haryana-cet-group-c,record haryana-cet-group-c
haryana group c signature size,exam-file-size,informational,en,1,/exam/haryana-cet-group-c/rules,explains,haryana-cet-group-c,record haryana-cet-group-c
haryana tet photo size,exam-file-size,informational,en,1,/exam/haryana-teacher-eligibility-test/rules,explains,haryana-teacher-eligibility-test,record haryana-teacher-eligibility-test
haryana tet signature size,exam-file-size,informational,en,1,/exam/haryana-teacher-eligibility-test/rules,explains,haryana-teacher-eligibility-test,record haryana-teacher-eligibility-test
hssc cet group c photo size,exam-file-size,informational,en,1,/exam/haryana-cet-group-c/rules,explains,haryana-cet-group-c,record haryana-cet-group-c
hssc cet group c signature size,exam-file-size,informational,en,1,/exam/haryana-cet-group-c/rules,explains,haryana-cet-group-c,record haryana-cet-group-c
hssc group d photo size,exam-file-size,informational,en,1,/exam/hssc-cet-group-d/rules,explains,hssc-cet-group-d,record hssc-cet-group-d
hssc group d signature size,exam-file-size,informational,en,1,/exam/hssc-cet-group-d/rules,explains,hssc-cet-group-d,record hssc-cet-group-d
htet photo size,exam-file-size,informational,en,1,/exam/haryana-teacher-eligibility-test/rules,explains,haryana-teacher-eligibility-test,record haryana-teacher-eligibility-test
htet signature size,exam-file-size,informational,en,1,/exam/haryana-teacher-eligibility-test/rules,explains,haryana-teacher-eligibility-test,record haryana-teacher-eligibility-test
iaf agniveer photo size,exam-file-size,informational,en,1,/exam/indian-air-force-agniveervayu-recruitment/rules,explains,indian-air-force-agniveervayu-recruitment,record indian-air-force-agniveervayu-recruitment
iaf agniveer signature size,exam-file-size,informational,en,1,/exam/indian-air-force-agniveervayu-recruitment/rules,explains,indian-air-force-agniveervayu-recruitment,record indian-air-force-agniveervayu-recruitment
ias photo size,exam-file-size,informational,en,1,/exam/upsc-civil-services-examination-2026/rules,explains,upsc-civil-services-examination-2026,record upsc-civil-services-examination-2026
ias signature size,exam-file-size,informational,en,1,/exam/upsc-civil-services-examination-2026/rules,explains,upsc-civil-services-examination-2026,record upsc-civil-services-examination-2026
ibps clerical photo size,exam-file-size,informational,en,1,/exam/ibps-crp-customer-service-associates-xv/rules,explains,ibps-crp-customer-service-associates-xv,record ibps-crp-customer-service-associates-xv
ibps clerical signature size,exam-file-size,informational,en,1,/exam/ibps-crp-customer-service-associates-xv/rules,explains,ibps-crp-customer-service-associates-xv,record ibps-crp-customer-service-associates-xv
ibps clerk photo size,exam-file-size,informational,en,1,/exam/ibps-crp-customer-service-associates-xv/rules,explains,ibps-crp-customer-service-associates-xv,record ibps-crp-customer-service-associates-xv
ibps clerk signature size,exam-file-size,informational,en,1,/exam/ibps-crp-customer-service-associates-xv/rules,explains,ibps-crp-customer-service-associates-xv,record ibps-crp-customer-service-associates-xv
ibps crp po photo size,exam-file-size,informational,en,1,/exam/ibps-crp-po-mt-xvi/rules,explains,ibps-crp-po-mt-xvi,record ibps-crp-po-mt-xvi
ibps crp po signature size,exam-file-size,informational,en,1,/exam/ibps-crp-po-mt-xvi/rules,explains,ibps-crp-po-mt-xvi,record ibps-crp-po-mt-xvi
ibps csa photo size,exam-file-size,informational,en,1,/exam/ibps-crp-customer-service-associates-xv/rules,explains,ibps-crp-customer-service-associates-xv,record ibps-crp-customer-service-associates-xv
ibps csa signature size,exam-file-size,informational,en,1,/exam/ibps-crp-customer-service-associates-xv/rules,explains,ibps-crp-customer-service-associates-xv,record ibps-crp-customer-service-associates-xv
ibps po mt photo size,exam-file-size,informational,en,1,/exam/ibps-crp-po-mt-xvi/rules,explains,ibps-crp-po-mt-xvi,record ibps-crp-po-mt-xvi
ibps po mt signature size,exam-file-size,informational,en,1,/exam/ibps-crp-po-mt-xvi/rules,explains,ibps-crp-po-mt-xvi,record ibps-crp-po-mt-xvi
ibps po photo size,exam-file-size,informational,en,1,/exam/ibps-crp-po-mt-xvi/rules,explains,ibps-crp-po-mt-xvi,record ibps-crp-po-mt-xvi
ibps po signature size,exam-file-size,informational,en,1,/exam/ibps-crp-po-mt-xvi/rules,explains,ibps-crp-po-mt-xvi,record ibps-crp-po-mt-xvi
ibps regional rural banks photo size,exam-file-size,informational,en,1,/exam/ibps-crp-regional-rural-banks-xiv/rules,explains,ibps-crp-regional-rural-banks-xiv,record ibps-crp-regional-rural-banks-xiv
ibps regional rural banks signature size,exam-file-size,informational,en,1,/exam/ibps-crp-regional-rural-banks-xiv/rules,explains,ibps-crp-regional-rural-banks-xiv,record ibps-crp-regional-rural-banks-xiv
ibps rrb photo size,exam-file-size,informational,en,1,/exam/ibps-crp-regional-rural-banks-xiv/rules,explains,ibps-crp-regional-rural-banks-xiv,record ibps-crp-regional-rural-banks-xiv
ibps rrb signature size,exam-file-size,informational,en,1,/exam/ibps-crp-regional-rural-banks-xiv/rules,explains,ibps-crp-regional-rural-banks-xiv,record ibps-crp-regional-rural-banks-xiv
ibps so photo size,exam-file-size,informational,en,1,/exam/ibps-crp-specialist-officers-xvi/rules,explains,ibps-crp-specialist-officers-xvi,record ibps-crp-specialist-officers-xvi
ibps so signature size,exam-file-size,informational,en,1,/exam/ibps-crp-specialist-officers-xvi/rules,explains,ibps-crp-specialist-officers-xvi,record ibps-crp-specialist-officers-xvi
ibps specialist officer photo size,exam-file-size,informational,en,1,/exam/ibps-crp-specialist-officers-xvi/rules,explains,ibps-crp-specialist-officers-xvi,record ibps-crp-specialist-officers-xvi
ibps specialist officer signature size,exam-file-size,informational,en,1,/exam/ibps-crp-specialist-officers-xvi/rules,explains,ibps-crp-specialist-officers-xvi,record ibps-crp-specialist-officers-xvi
icai photo size,exam-file-size,informational,en,1,/exam/icai-examination-portal/rules,explains,icai-examination-portal,record icai-examination-portal
icai signature size,exam-file-size,informational,en,1,/exam/icai-examination-portal/rules,explains,icai-examination-portal,record icai-examination-portal
icsi photo size,exam-file-size,informational,en,1,/exam/icsi-student-registration-and-examination/rules,explains,icsi-student-registration-and-examination,record icsi-student-registration-and-examination
icsi signature size,exam-file-size,informational,en,1,/exam/icsi-student-registration-and-examination/rules,explains,icsi-student-registration-and-examination,record icsi-student-registration-and-examination
ies photo size,exam-file-size,informational,en,1,/exam/upsc-engineering-services-examination/rules,explains,upsc-engineering-services-examination,record upsc-engineering-services-examination
ies signature size,exam-file-size,informational,en,1,/exam/upsc-engineering-services-examination/rules,explains,upsc-engineering-services-examination,record upsc-engineering-services-examination
iim cat photo size,exam-file-size,informational,en,1,/exam/common-admission-test-2025/rules,explains,common-admission-test-2025,record common-admission-test-2025
iim cat signature size,exam-file-size,informational,en,1,/exam/common-admission-test-2025/rules,explains,common-admission-test-2025,record common-admission-test-2025
iit jee photo size,exam-file-size,informational,en,1,/exam/jee-advanced-2026/rules,explains,jee-advanced-2026,record jee-advanced-2026
jee adv photo size,exam-file-size,informational,en,1,/exam/jee-advanced-2026/rules,explains,jee-advanced-2026,record jee-advanced-2026
jee advanced photo size,exam-file-size,informational,en,1,/exam/jee-advanced-2026/rules,explains,jee-advanced-2026,record jee-advanced-2026
jee main photo size,exam-file-size,informational,en,1,/exam/jee-main-2026/rules,explains,jee-main-2026,record jee-main-2026
jee main signature size,exam-file-size,informational,en,1,/exam/jee-main-2026/rules,explains,jee-main-2026,record jee-main-2026
jee mains photo size,exam-file-size,informational,en,1,/exam/jee-main-2026/rules,explains,jee-main-2026,record jee-main-2026
jee mains signature size,exam-file-size,informational,en,1,/exam/jee-main-2026/rules,explains,jee-main-2026,record jee-main-2026
jee photo size,exam-file-size,informational,en,1,/exam/jee-main-2026/rules,explains,jee-main-2026,record jee-main-2026
jee signature size,exam-file-size,informational,en,1,/exam/jee-main-2026/rules,explains,jee-main-2026,record jee-main-2026
jeecup photo size,exam-file-size,informational,en,1,/exam/joint-entrance-examination-council-uttar-pradesh-polytechnic-entrance/rules,explains,joint-entrance-examination-council-uttar-pradesh-polytechnic-entrance,record joint-entrance-examination-council-uttar-pradesh-polytechnic-entrance
jeecup signature size,exam-file-size,informational,en,1,/exam/joint-entrance-examination-council-uttar-pradesh-polytechnic-entrance/rules,explains,joint-entrance-examination-council-uttar-pradesh-polytechnic-entrance,record joint-entrance-examination-council-uttar-pradesh-polytechnic-entrance
jharkhand cgl photo size,exam-file-size,informational,en,1,/exam/jssc-combined-graduate-level-examination/rules,explains,jssc-combined-graduate-level-examination,record jssc-combined-graduate-level-examination
jharkhand cgl signature size,exam-file-size,informational,en,1,/exam/jssc-combined-graduate-level-examination/rules,explains,jssc-combined-graduate-level-examination,record jssc-combined-graduate-level-examination
jharkhand police photo size,exam-file-size,informational,en,1,/exam/jharkhand-police-constable-recruitment/rules,explains,jharkhand-police-constable-recruitment,record jharkhand-police-constable-recruitment
jharkhand police signature size,exam-file-size,informational,en,1,/exam/jharkhand-police-constable-recruitment/rules,explains,jharkhand-police-constable-recruitment,record jharkhand-police-constable-recruitment
jk police constable signature size,exam-file-size,informational,en,1,/exam/jkssb-police-constable-recruitment/rules,explains,jkssb-police-constable-recruitment,record jkssb-police-constable-recruitment
jkssb constable signature size,exam-file-size,informational,en,1,/exam/jkssb-police-constable-recruitment/rules,explains,jkssb-police-constable-recruitment,record jkssb-police-constable-recruitment
jnvst photo size,exam-file-size,informational,en,1,/exam/jawahar-navodaya-vidyalaya-selection-test-class-vi/rules,explains,jawahar-navodaya-vidyalaya-selection-test-class-vi,record jawahar-navodaya-vidyalaya-selection-test-class-vi
jnvst signature size,exam-file-size,informational,en,1,/exam/jawahar-navodaya-vidyalaya-selection-test-class-vi/rules,explains,jawahar-navodaya-vidyalaya-selection-test-class-vi,record jawahar-navodaya-vidyalaya-selection-test-class-vi
joint entrance examination main photo size,exam-file-size,informational,en,1,/exam/jee-main-2026/rules,explains,jee-main-2026,record jee-main-2026
joint entrance examination main signature size,exam-file-size,informational,en,1,/exam/jee-main-2026/rules,explains,jee-main-2026,record jee-main-2026
jssc cgl photo size,exam-file-size,informational,en,1,/exam/jssc-combined-graduate-level-examination/rules,explains,jssc-combined-graduate-level-examination,record jssc-combined-graduate-level-examination
jssc cgl signature size,exam-file-size,informational,en,1,/exam/jssc-combined-graduate-level-examination/rules,explains,jssc-combined-graduate-level-examination,record jssc-combined-graduate-level-examination
jssc constable photo size,exam-file-size,informational,en,1,/exam/jharkhand-police-constable-recruitment/rules,explains,jharkhand-police-constable-recruitment,record jharkhand-police-constable-recruitment
jssc constable signature size,exam-file-size,informational,en,1,/exam/jharkhand-police-constable-recruitment/rules,explains,jharkhand-police-constable-recruitment,record jharkhand-police-constable-recruitment
karnataka cet photo size,exam-file-size,informational,en,1,/exam/karnataka-common-entrance-test-2026/rules,explains,karnataka-common-entrance-test-2026,record karnataka-common-entrance-test-2026
karnataka cet signature size,exam-file-size,informational,en,1,/exam/karnataka-common-entrance-test-2026/rules,explains,karnataka-common-entrance-test-2026,record karnataka-common-entrance-test-2026
karnataka psc photo size,exam-file-size,informational,en,1,/exam/karnataka-psc-online-application/rules,explains,karnataka-psc-online-application,record karnataka-psc-online-application
karnataka psc signature size,exam-file-size,informational,en,1,/exam/karnataka-psc-online-application/rules,explains,karnataka-psc-online-application,record karnataka-psc-online-application
karnataka tet photo size,exam-file-size,informational,en,1,/exam/karnataka-teacher-eligibility-test/rules,explains,karnataka-teacher-eligibility-test,record karnataka-teacher-eligibility-test
karnataka tet signature size,exam-file-size,informational,en,1,/exam/karnataka-teacher-eligibility-test/rules,explains,karnataka-teacher-eligibility-test,record karnataka-teacher-eligibility-test
kartet photo size,exam-file-size,informational,en,1,/exam/karnataka-teacher-eligibility-test/rules,explains,karnataka-teacher-eligibility-test,record karnataka-teacher-eligibility-test
kartet signature size,exam-file-size,informational,en,1,/exam/karnataka-teacher-eligibility-test/rules,explains,karnataka-teacher-eligibility-test,record karnataka-teacher-eligibility-test
kcet 2026 photo size,exam-file-size,informational,en,1,/exam/karnataka-common-entrance-test-2026/rules,explains,karnataka-common-entrance-test-2026,record karnataka-common-entrance-test-2026
kcet 2026 signature size,exam-file-size,informational,en,1,/exam/karnataka-common-entrance-test-2026/rules,explains,karnataka-common-entrance-test-2026,record karnataka-common-entrance-test-2026
kcet photo size,exam-file-size,informational,en,1,/exam/karnataka-common-entrance-test-2026/rules,explains,karnataka-common-entrance-test-2026,record karnataka-common-entrance-test-2026
kcet signature size,exam-file-size,informational,en,1,/exam/karnataka-common-entrance-test-2026/rules,explains,karnataka-common-entrance-test-2026,record karnataka-common-entrance-test-2026
keam photo size,exam-file-size,informational,en,1,/exam/kerala-engineering-architecture-medical-entrance-examination/rules,explains,kerala-engineering-architecture-medical-entrance-examination,record kerala-engineering-architecture-medical-entrance-examination
keam signature size,exam-file-size,informational,en,1,/exam/kerala-engineering-architecture-medical-entrance-examination/rules,explains,kerala-engineering-architecture-medical-entrance-examination,record kerala-engineering-architecture-medical-entrance-examination
kendriya vidyalaya photo size,exam-file-size,informational,en,1,/exam/kendriya-vidyalaya-sangathan-direct-recruitment-examination/rules,explains,kendriya-vidyalaya-sangathan-direct-recruitment-examination,record kendriya-vidyalaya-sangathan-direct-recruitment-examination
kendriya vidyalaya signature size,exam-file-size,informational,en,1,/exam/kendriya-vidyalaya-sangathan-direct-recruitment-examination/rules,explains,kendriya-vidyalaya-sangathan-direct-recruitment-examination,record kendriya-vidyalaya-sangathan-direct-recruitment-examination
kerala keam photo size,exam-file-size,informational,en,1,/exam/kerala-engineering-architecture-medical-entrance-examination/rules,explains,kerala-engineering-architecture-medical-entrance-examination,record kerala-engineering-architecture-medical-entrance-examination
kerala keam signature size,exam-file-size,informational,en,1,/exam/kerala-engineering-architecture-medical-entrance-examination/rules,explains,kerala-engineering-architecture-medical-entrance-examination,record kerala-engineering-architecture-medical-entrance-examination
kerala psc photo size,exam-file-size,informational,en,1,/exam/kerala-psc-one-time-registration/rules,explains,kerala-psc-one-time-registration,record kerala-psc-one-time-registration
kerala psc signature size,exam-file-size,informational,en,1,/exam/kerala-psc-one-time-registration/rules,explains,kerala-psc-one-time-registration,record kerala-psc-one-time-registration
kpsc kerala photo size,exam-file-size,informational,en,1,/exam/kerala-psc-one-time-registration/rules,explains,kerala-psc-one-time-registration,record kerala-psc-one-time-registration
kpsc kerala signature size,exam-file-size,informational,en,1,/exam/kerala-psc-one-time-registration/rules,explains,kerala-psc-one-time-registration,record kerala-psc-one-time-registration
kpsc photo size,exam-file-size,informational,en,1,/exam/karnataka-psc-online-application/rules,explains,karnataka-psc-online-application,record karnataka-psc-online-application
kpsc signature size,exam-file-size,informational,en,1,/exam/karnataka-psc-online-application/rules,explains,karnataka-psc-online-application,record karnataka-psc-online-application
kvs photo size,exam-file-size,informational,en,1,/exam/kendriya-vidyalaya-sangathan-direct-recruitment-examination/rules,explains,kendriya-vidyalaya-sangathan-direct-recruitment-examination,record kendriya-vidyalaya-sangathan-direct-recruitment-examination
kvs recruitment photo size,exam-file-size,informational,en,1,/exam/kendriya-vidyalaya-sangathan-direct-recruitment-examination/rules,explains,kendriya-vidyalaya-sangathan-direct-recruitment-examination,record kendriya-vidyalaya-sangathan-direct-recruitment-examination
kvs recruitment signature size,exam-file-size,informational,en,1,/exam/kendriya-vidyalaya-sangathan-direct-recruitment-examination/rules,explains,kendriya-vidyalaya-sangathan-direct-recruitment-examination,record kendriya-vidyalaya-sangathan-direct-recruitment-examination
kvs signature size,exam-file-size,informational,en,1,/exam/kendriya-vidyalaya-sangathan-direct-recruitment-examination/rules,explains,kendriya-vidyalaya-sangathan-direct-recruitment-examination,record kendriya-vidyalaya-sangathan-direct-recruitment-examination
lic aao photo size,exam-file-size,informational,en,1,/exam/lic-assistant-administrative-officers-generalist-2025/rules,explains,lic-assistant-administrative-officers-generalist-2025,record lic-assistant-administrative-officers-generalist-2025
lic aao signature size,exam-file-size,informational,en,1,/exam/lic-assistant-administrative-officers-generalist-2025/rules,explains,lic-assistant-administrative-officers-generalist-2025,record lic-assistant-administrative-officers-generalist-2025
lic assistant administrative officer photo size,exam-file-size,informational,en,1,/exam/lic-assistant-administrative-officers-generalist-2025/rules,explains,lic-assistant-administrative-officers-generalist-2025,record lic-assistant-administrative-officers-generalist-2025
lic assistant administrative officer signature size,exam-file-size,informational,en,1,/exam/lic-assistant-administrative-officers-generalist-2025/rules,explains,lic-assistant-administrative-officers-generalist-2025,record lic-assistant-administrative-officers-generalist-2025
lrd photo size,exam-file-size,informational,en,1,/exam/gujarat-police-lokrakshak-recruitment/rules,explains,gujarat-police-lokrakshak-recruitment,record gujarat-police-lokrakshak-recruitment
lrd signature size,exam-file-size,informational,en,1,/exam/gujarat-police-lokrakshak-recruitment/rules,explains,gujarat-police-lokrakshak-recruitment,record gujarat-police-lokrakshak-recruitment
madhya pradesh patwari signature size,exam-file-size,informational,en,1,/exam/mp-patwari-recruitment-examination/rules,explains,mp-patwari-recruitment-examination,record mp-patwari-recruitment-examination
mah cet mba photo size,exam-file-size,informational,en,1,/exam/mah-mba-mms-cet/rules,explains,mah-mba-mms-cet,record mah-mba-mms-cet
mah cet mba signature size,exam-file-size,informational,en,1,/exam/mah-mba-mms-cet/rules,explains,mah-mba-mms-cet,record mah-mba-mms-cet
mah mba cet photo size,exam-file-size,informational,en,1,/exam/mah-mba-mms-cet/rules,explains,mah-mba-mms-cet,record mah-mba-mms-cet
mah mba cet signature size,exam-file-size,informational,en,1,/exam/mah-mba-mms-cet/rules,explains,mah-mba-mms-cet,record mah-mba-mms-cet
maharashtra common entrance test photo size,exam-file-size,informational,en,1,/exam/mht-cet-2026/rules,explains,mht-cet-2026,record mht-cet-2026
maharashtra common entrance test signature size,exam-file-size,informational,en,1,/exam/mht-cet-2026/rules,explains,mht-cet-2026,record mht-cet-2026
maharashtra police constable photo size,exam-file-size,informational,en,1,/exam/maharashtra-police-recruitment/rules,explains,maharashtra-police-recruitment,record maharashtra-police-recruitment
maharashtra police constable signature size,exam-file-size,informational,en,1,/exam/maharashtra-police-recruitment/rules,explains,maharashtra-police-recruitment,record maharashtra-police-recruitment
maharashtra police photo size,exam-file-size,informational,en,1,/exam/maharashtra-police-recruitment/rules,explains,maharashtra-police-recruitment,record maharashtra-police-recruitment
maharashtra police signature size,exam-file-size,informational,en,1,/exam/maharashtra-police-recruitment/rules,explains,maharashtra-police-recruitment,record maharashtra-police-recruitment
maharashtra psc photo size,exam-file-size,informational,en,1,/exam/mpsc-online-application/rules,explains,mpsc-online-application,record mpsc-online-application
maharashtra psc signature size,exam-file-size,informational,en,1,/exam/mpsc-online-application/rules,explains,mpsc-online-application,record mpsc-online-application
maharashtra tet photo size,exam-file-size,informational,en,1,/exam/maharashtra-teacher-eligibility-test-maha-tet/rules,explains,maharashtra-teacher-eligibility-test-maha-tet,record maharashtra-teacher-eligibility-test-maha-tet
maharashtra tet signature size,exam-file-size,informational,en,1,/exam/maharashtra-teacher-eligibility-test-maha-tet/rules,explains,maharashtra-teacher-eligibility-test-maha-tet,record maharashtra-teacher-eligibility-test-maha-tet
mahatet photo size,exam-file-size,informational,en,1,/exam/maharashtra-teacher-eligibility-test-maha-tet/rules,explains,maharashtra-teacher-eligibility-test-maha-tet,record maharashtra-teacher-eligibility-test-maha-tet
mahatet signature size,exam-file-size,informational,en,1,/exam/maharashtra-teacher-eligibility-test-maha-tet/rules,explains,maharashtra-teacher-eligibility-test-maha-tet,record maharashtra-teacher-eligibility-test-maha-tet
mat 2026 photo size,exam-file-size,informational,en,1,/exam/management-aptitude-test-2026/rules,explains,management-aptitude-test-2026,record management-aptitude-test-2026
mat 2026 signature size,exam-file-size,informational,en,1,/exam/management-aptitude-test-2026/rules,explains,management-aptitude-test-2026,record management-aptitude-test-2026
mat photo size,exam-file-size,informational,en,1,/exam/management-aptitude-test-2026/rules,explains,management-aptitude-test-2026,record management-aptitude-test-2026
mat signature size,exam-file-size,informational,en,1,/exam/management-aptitude-test-2026/rules,explains,management-aptitude-test-2026,record management-aptitude-test-2026
mba cet photo size,exam-file-size,informational,en,1,/exam/mah-mba-mms-cet/rules,explains,mah-mba-mms-cet,record mah-mba-mms-cet
mba cet signature size,exam-file-size,informational,en,1,/exam/mah-mba-mms-cet/rules,explains,mah-mba-mms-cet,record mah-mba-mms-cet
mega dsc photo size,exam-file-size,informational,en,1,/exam/ap-mega-dsc-teacher-recruitment/rules,explains,ap-mega-dsc-teacher-recruitment,record ap-mega-dsc-teacher-recruitment
mega dsc signature size,exam-file-size,informational,en,1,/exam/ap-mega-dsc-teacher-recruitment/rules,explains,ap-mega-dsc-teacher-recruitment,record ap-mega-dsc-teacher-recruitment
mhcet photo size,exam-file-size,informational,en,1,/exam/mht-cet-2026/rules,explains,mht-cet-2026,record mht-cet-2026
mhcet signature size,exam-file-size,informational,en,1,/exam/mht-cet-2026/rules,explains,mht-cet-2026,record mht-cet-2026
mht cet photo size,exam-file-size,informational,en,1,/exam/mht-cet-2026/rules,explains,mht-cet-2026,record mht-cet-2026
mht cet signature size,exam-file-size,informational,en,1,/exam/mht-cet-2026/rules,explains,mht-cet-2026,record mht-cet-2026
mp patwari signature size,exam-file-size,informational,en,1,/exam/mp-patwari-recruitment-examination/rules,explains,mp-patwari-recruitment-examination,record mp-patwari-recruitment-examination
mp police constable signature size,exam-file-size,informational,en,1,/exam/mp-police-constable-recruitment-test/rules,explains,mp-police-constable-recruitment-test,record mp-police-constable-recruitment-test
mp police signature size,exam-file-size,informational,en,1,/exam/mp-police-constable-recruitment-test/rules,explains,mp-police-constable-recruitment-test,record mp-police-constable-recruitment-test
mp tet signature size,exam-file-size,informational,en,1,/exam/mp-primary-school-teacher-eligibility-test/rules,explains,mp-primary-school-teacher-eligibility-test,record mp-primary-school-teacher-eligibility-test
mp varg 3 signature size,exam-file-size,informational,en,1,/exam/mp-primary-school-teacher-eligibility-test/rules,explains,mp-primary-school-teacher-eligibility-test,record mp-primary-school-teacher-eligibility-test
mpesb constable signature size,exam-file-size,informational,en,1,/exam/mp-police-constable-recruitment-test/rules,explains,mp-police-constable-recruitment-test,record mp-police-constable-recruitment-test
mpesb patwari signature size,exam-file-size,informational,en,1,/exam/mp-patwari-recruitment-examination/rules,explains,mp-patwari-recruitment-examination,record mp-patwari-recruitment-examination
mpsc photo size,exam-file-size,informational,en,1,/exam/mpsc-online-application/rules,explains,mpsc-online-application,record mpsc-online-application
mpsc signature size,exam-file-size,informational,en,1,/exam/mpsc-online-application/rules,explains,mpsc-online-application,record mpsc-online-application
mptet primary signature size,exam-file-size,informational,en,1,/exam/mp-primary-school-teacher-eligibility-test/rules,explains,mp-primary-school-teacher-eligibility-test,record mp-primary-school-teacher-eligibility-test
mts photo size,exam-file-size,informational,en,1,/exam/ssc-multi-tasking-staff-and-havaldar-examination-2025-live-capture/rules,explains,ssc-multi-tasking-staff-and-havaldar-examination-2025-live-capture,record ssc-multi-tasking-staff-and-havaldar-examination-2025-live-capture
mts signature size,exam-file-size,informational,en,1,/exam/ssc-multi-tasking-staff-and-havaldar-examination-2025-live-capture/rules,explains,ssc-multi-tasking-staff-and-havaldar-examination-2025-live-capture,record ssc-multi-tasking-staff-and-havaldar-examination-2025-live-capture
nabard assistant manager photo size,exam-file-size,informational,en,1,/exam/nabard-grade-a-2025/rules,explains,nabard-grade-a-2025,record nabard-grade-a-2025
nabard assistant manager signature size,exam-file-size,informational,en,1,/exam/nabard-grade-a-2025/rules,explains,nabard-grade-a-2025,record nabard-grade-a-2025
nabard grade a photo size,exam-file-size,informational,en,1,/exam/nabard-grade-a-2025/rules,explains,nabard-grade-a-2025,record nabard-grade-a-2025
nabard grade a signature size,exam-file-size,informational,en,1,/exam/nabard-grade-a-2025/rules,explains,nabard-grade-a-2025,record nabard-grade-a-2025
national defence academy photo size,exam-file-size,informational,en,1,/exam/upsc-nda-na-examination-ii-2026/rules,explains,upsc-nda-na-examination-ii-2026,record upsc-nda-na-examination-ii-2026
national defence academy signature size,exam-file-size,informational,en,1,/exam/upsc-nda-na-examination-ii-2026/rules,explains,upsc-nda-na-examination-ii-2026,record upsc-nda-na-examination-ii-2026
national eligibility cum entrance test photo size,exam-file-size,informational,en,1,/exam/neet-ug-2026/rules,explains,neet-ug-2026,record neet-ug-2026
national eligibility cum entrance test signature size,exam-file-size,informational,en,1,/exam/neet-ug-2026/rules,explains,neet-ug-2026,record neet-ug-2026
national eligibility test photo size,exam-file-size,informational,en,1,/exam/ugc-net-june-2026/rules,explains,ugc-net-june-2026,record ugc-net-june-2026
national eligibility test signature size,exam-file-size,informational,en,1,/exam/ugc-net-june-2026/rules,explains,ugc-net-june-2026,record ugc-net-june-2026
navodaya class 6 photo size,exam-file-size,informational,en,1,/exam/jawahar-navodaya-vidyalaya-selection-test-class-vi/rules,explains,jawahar-navodaya-vidyalaya-selection-test-class-vi,record jawahar-navodaya-vidyalaya-selection-test-class-vi
navodaya class 6 signature size,exam-file-size,informational,en,1,/exam/jawahar-navodaya-vidyalaya-selection-test-class-vi/rules,explains,jawahar-navodaya-vidyalaya-selection-test-class-vi,record jawahar-navodaya-vidyalaya-selection-test-class-vi
navodaya vidyalaya entrance photo size,exam-file-size,informational,en,1,/exam/jawahar-navodaya-vidyalaya-selection-test-class-vi/rules,explains,jawahar-navodaya-vidyalaya-selection-test-class-vi,record jawahar-navodaya-vidyalaya-selection-test-class-vi
navodaya vidyalaya entrance signature size,exam-file-size,informational,en,1,/exam/jawahar-navodaya-vidyalaya-selection-test-class-vi/rules,explains,jawahar-navodaya-vidyalaya-selection-test-class-vi,record jawahar-navodaya-vidyalaya-selection-test-class-vi
nda ii 2026 photo size,exam-file-size,informational,en,1,/exam/upsc-nda-na-examination-ii-2026/rules,explains,upsc-nda-na-examination-ii-2026,record upsc-nda-na-examination-ii-2026
nda ii 2026 signature size,exam-file-size,informational,en,1,/exam/upsc-nda-na-examination-ii-2026/rules,explains,upsc-nda-na-examination-ii-2026,record upsc-nda-na-examination-ii-2026
nda na photo size,exam-file-size,informational,en,1,/exam/upsc-nda-na-examination-ii-2026/rules,explains,upsc-nda-na-examination-ii-2026,record upsc-nda-na-examination-ii-2026
nda na signature size,exam-file-size,informational,en,1,/exam/upsc-nda-na-examination-ii-2026/rules,explains,upsc-nda-na-examination-ii-2026,record upsc-nda-na-examination-ii-2026
nda photo size,exam-file-size,informational,en,1,/exam/upsc-nda-na-examination-ii-2026/rules,explains,upsc-nda-na-examination-ii-2026,record upsc-nda-na-examination-ii-2026
nda signature size,exam-file-size,informational,en,1,/exam/upsc-nda-na-examination-ii-2026/rules,explains,upsc-nda-na-examination-ii-2026,record upsc-nda-na-examination-ii-2026
neet photo size,exam-file-size,informational,en,1,/exam/neet-ug-2026/rules,explains,neet-ug-2026,record neet-ug-2026
neet signature size,exam-file-size,informational,en,1,/exam/neet-ug-2026/rules,explains,neet-ug-2026,record neet-ug-2026
neet ug photo size,exam-file-size,informational,en,1,/exam/neet-ug-2026/rules,explains,neet-ug-2026,record neet-ug-2026
neet ug signature size,exam-file-size,informational,en,1,/exam/neet-ug-2026/rules,explains,neet-ug-2026,record neet-ug-2026
net photo size,exam-file-size,informational,en,1,/exam/ugc-net-june-2026/rules,explains,ugc-net-june-2026,record ugc-net-june-2026
net signature size,exam-file-size,informational,en,1,/exam/ugc-net-june-2026/rules,explains,ugc-net-june-2026,record ugc-net-june-2026
new india assurance ao photo size,exam-file-size,informational,en,1,/exam/niacl-administrative-officers-2025/rules,explains,niacl-administrative-officers-2025,record niacl-administrative-officers-2025
new india assurance ao signature size,exam-file-size,informational,en,1,/exam/niacl-administrative-officers-2025/rules,explains,niacl-administrative-officers-2025,record niacl-administrative-officers-2025
niacl ao photo size,exam-file-size,informational,en,1,/exam/niacl-administrative-officers-2025/rules,explains,niacl-administrative-officers-2025,record niacl-administrative-officers-2025
niacl ao signature size,exam-file-size,informational,en,1,/exam/niacl-administrative-officers-2025/rules,explains,niacl-administrative-officers-2025,record niacl-administrative-officers-2025
ntpc photo size,exam-file-size,informational,en,1,/exam/rrb-ntpc-graduate-cen-05-2024/rules,explains,rrb-ntpc-graduate-cen-05-2024,record rrb-ntpc-graduate-cen-05-2024
ntpc signature size,exam-file-size,informational,en,1,/exam/rrb-ntpc-graduate-cen-05-2024/rules,explains,rrb-ntpc-graduate-cen-05-2024,record rrb-ntpc-graduate-cen-05-2024
odisha jee photo size,exam-file-size,informational,en,1,/exam/odisha-joint-entrance-examination-ojee/rules,explains,odisha-joint-entrance-examination-ojee,record odisha-joint-entrance-examination-ojee
odisha jee signature size,exam-file-size,informational,en,1,/exam/odisha-joint-entrance-examination-ojee/rules,explains,odisha-joint-entrance-examination-ojee,record odisha-joint-entrance-examination-ojee
odisha sssc photo size,exam-file-size,informational,en,1,/exam/osssc-combined-recruitment-examination/rules,explains,osssc-combined-recruitment-examination,record osssc-combined-recruitment-examination
odisha sssc signature size,exam-file-size,informational,en,1,/exam/osssc-combined-recruitment-examination/rules,explains,osssc-combined-recruitment-examination,record osssc-combined-recruitment-examination
ojee photo size,exam-file-size,informational,en,1,/exam/odisha-joint-entrance-examination-ojee/rules,explains,odisha-joint-entrance-examination-ojee,record odisha-joint-entrance-examination-ojee
ojee signature size,exam-file-size,informational,en,1,/exam/odisha-joint-entrance-examination-ojee/rules,explains,odisha-joint-entrance-examination-ojee,record odisha-joint-entrance-examination-ojee
osssc photo size,exam-file-size,informational,en,1,/exam/osssc-combined-recruitment-examination/rules,explains,osssc-combined-recruitment-examination,record osssc-combined-recruitment-examination
osssc signature size,exam-file-size,informational,en,1,/exam/osssc-combined-recruitment-examination/rules,explains,osssc-combined-recruitment-examination,record osssc-combined-recruitment-examination
polycet photo size,exam-file-size,informational,en,1,/exam/ap-polycet/rules,explains,ap-polycet,record ap-polycet
polycet signature size,exam-file-size,informational,en,1,/exam/ap-polycet/rules,explains,ap-polycet,record ap-polycet
ptet photo size,exam-file-size,informational,en,1,/exam/rajasthan-pre-teacher-education-test/rules,explains,rajasthan-pre-teacher-education-test,record rajasthan-pre-teacher-education-test
ptet signature size,exam-file-size,informational,en,1,/exam/rajasthan-pre-teacher-education-test/rules,explains,rajasthan-pre-teacher-education-test,record rajasthan-pre-teacher-education-test
railway group d photo size,exam-file-size,informational,en,1,/exam/rrb-level-1-posts-cen-08-2024/rules,explains,rrb-level-1-posts-cen-08-2024,record rrb-level-1-posts-cen-08-2024
railway group d signature size,exam-file-size,informational,en,1,/exam/rrb-level-1-posts-cen-08-2024/rules,explains,rrb-level-1-posts-cen-08-2024,record rrb-level-1-posts-cen-08-2024
railway junior engineer signature size,exam-file-size,informational,en,1,/exam/rrb-je-dms-cma/rules,explains,rrb-je-dms-cma,record rrb-je-dms-cma
railway ntpc photo size,exam-file-size,informational,en,1,/exam/rrb-ntpc-graduate-cen-05-2024/rules,explains,rrb-ntpc-graduate-cen-05-2024,record rrb-ntpc-graduate-cen-05-2024
railway ntpc signature size,exam-file-size,informational,en,1,/exam/rrb-ntpc-graduate-cen-05-2024/rules,explains,rrb-ntpc-graduate-cen-05-2024,record rrb-ntpc-graduate-cen-05-2024
railway paramedical signature size,exam-file-size,informational,en,1,/exam/rrb-paramedical-categories/rules,explains,rrb-paramedical-categories,record rrb-paramedical-categories
railway protection force constable photo size,exam-file-size,informational,en,1,/exam/rpf-constable/rules,explains,rpf-constable,record rpf-constable
railway protection force constable signature size,exam-file-size,informational,en,1,/exam/rpf-constable/rules,explains,rpf-constable,record rpf-constable
railway protection force sub inspector photo size,exam-file-size,informational,en,1,/exam/rpf-sub-inspector/rules,explains,rpf-sub-inspector,record rpf-sub-inspector
railway protection force sub inspector signature size,exam-file-size,informational,en,1,/exam/rpf-sub-inspector/rules,explains,rpf-sub-inspector,record rpf-sub-inspector
railway section controller signature size,exam-file-size,informational,en,1,/exam/rrb-section-controller/rules,explains,rrb-section-controller,record rrb-section-controller
railway technician signature size,exam-file-size,informational,en,1,/exam/rrb-technician/rules,explains,rrb-technician,record rrb-technician
rajasthan bstc photo size,exam-file-size,informational,en,1,/exam/rajasthan-pre-d-el-ed-examination-bstc/rules,explains,rajasthan-pre-d-el-ed-examination-bstc,record rajasthan-pre-d-el-ed-examination-bstc
rajasthan bstc signature size,exam-file-size,informational,en,1,/exam/rajasthan-pre-d-el-ed-examination-bstc/rules,explains,rajasthan-pre-d-el-ed-examination-bstc,record rajasthan-pre-d-el-ed-examination-bstc
rajasthan cet 12th level signature size,exam-file-size,informational,en,1,/exam/rajasthan-cet-senior-secondary-level/rules,explains,rajasthan-cet-senior-secondary-level,record rajasthan-cet-senior-secondary-level
rajasthan cet graduate signature size,exam-file-size,informational,en,1,/exam/rajasthan-cet-graduate-level/rules,explains,rajasthan-cet-graduate-level,record rajasthan-cet-graduate-level
rajasthan cet signature size,exam-file-size,informational,en,1,/exam/rajasthan-cet-senior-secondary-level/rules,explains,rajasthan-cet-senior-secondary-level,record rajasthan-cet-senior-secondary-level
rajasthan grade 4 signature size,exam-file-size,informational,en,1,/exam/rajasthan-grade-iv-recruitment/rules,explains,rajasthan-grade-iv-recruitment,record rajasthan-grade-iv-recruitment
rajasthan patwari signature size,exam-file-size,informational,en,1,/exam/rajasthan-patwari-recruitment/rules,explains,rajasthan-patwari-recruitment,record rajasthan-patwari-recruitment
rajasthan police constable photo size,exam-file-size,informational,en,1,/exam/rajasthan-police-constable-recruitment/rules,explains,rajasthan-police-constable-recruitment,record rajasthan-police-constable-recruitment
rajasthan police constable signature size,exam-file-size,informational,en,1,/exam/rajasthan-police-constable-recruitment/rules,explains,rajasthan-police-constable-recruitment,record rajasthan-police-constable-recruitment
rajasthan police photo size,exam-file-size,informational,en,1,/exam/rajasthan-police-constable-recruitment/rules,explains,rajasthan-police-constable-recruitment,record rajasthan-police-constable-recruitment
rajasthan police signature size,exam-file-size,informational,en,1,/exam/rajasthan-police-constable-recruitment/rules,explains,rajasthan-police-constable-recruitment,record rajasthan-police-constable-recruitment
rajasthan pre deled photo size,exam-file-size,informational,en,1,/exam/rajasthan-pre-d-el-ed-examination-bstc/rules,explains,rajasthan-pre-d-el-ed-examination-bstc,record rajasthan-pre-d-el-ed-examination-bstc
rajasthan pre deled signature size,exam-file-size,informational,en,1,/exam/rajasthan-pre-d-el-ed-examination-bstc/rules,explains,rajasthan-pre-d-el-ed-examination-bstc,record rajasthan-pre-d-el-ed-examination-bstc
rajasthan psc photo size,exam-file-size,informational,en,1,/exam/rpsc-online-application/rules,explains,rpsc-online-application,record rpsc-online-application
rajasthan psc signature size,exam-file-size,informational,en,1,/exam/rpsc-online-application/rules,explains,rpsc-online-application,record rpsc-online-application
rajasthan ptet photo size,exam-file-size,informational,en,1,/exam/rajasthan-pre-teacher-education-test/rules,explains,rajasthan-pre-teacher-education-test,record rajasthan-pre-teacher-education-test
rajasthan ptet signature size,exam-file-size,informational,en,1,/exam/rajasthan-pre-teacher-education-test/rules,explains,rajasthan-pre-teacher-education-test,record rajasthan-pre-teacher-education-test
rajasthan tet photo size,exam-file-size,informational,en,1,/exam/rajasthan-eligibility-examination-for-teachers-reet/rules,explains,rajasthan-eligibility-examination-for-teachers-reet,record rajasthan-eligibility-examination-for-teachers-reet
rajasthan tet signature size,exam-file-size,informational,en,1,/exam/rajasthan-eligibility-examination-for-teachers-reet/rules,explains,rajasthan-eligibility-examination-for-teachers-reet,record rajasthan-eligibility-examination-for-teachers-reet
rbi assistant photo size,exam-file-size,informational,en,1,/exam/rbi-assistant-panel-year-2025/rules,explains,rbi-assistant-panel-year-2025,record rbi-assistant-panel-year-2025
rbi assistant signature size,exam-file-size,informational,en,1,/exam/rbi-assistant-panel-year-2025/rules,explains,rbi-assistant-panel-year-2025,record rbi-assistant-panel-year-2025
rbi grade b photo size,exam-file-size,informational,en,1,/exam/rbi-officers-in-grade-b-2026/rules,explains,rbi-officers-in-grade-b-2026,record rbi-officers-in-grade-b-2026
rbi grade b signature size,exam-file-size,informational,en,1,/exam/rbi-officers-in-grade-b-2026/rules,explains,rbi-officers-in-grade-b-2026,record rbi-officers-in-grade-b-2026
rbi officer grade b photo size,exam-file-size,informational,en,1,/exam/rbi-officers-in-grade-b-2026/rules,explains,rbi-officers-in-grade-b-2026,record rbi-officers-in-grade-b-2026
rbi officer grade b signature size,exam-file-size,informational,en,1,/exam/rbi-officers-in-grade-b-2026/rules,explains,rbi-officers-in-grade-b-2026,record rbi-officers-in-grade-b-2026
reet photo size,exam-file-size,informational,en,1,/exam/rajasthan-eligibility-examination-for-teachers-reet/rules,explains,rajasthan-eligibility-examination-for-teachers-reet,record rajasthan-eligibility-examination-for-teachers-reet
reet signature size,exam-file-size,informational,en,1,/exam/rajasthan-eligibility-examination-for-teachers-reet/rules,explains,rajasthan-eligibility-examination-for-teachers-reet,record rajasthan-eligibility-examination-for-teachers-reet
ro aro photo size,exam-file-size,informational,en,1,/exam/uppsc-review-officer-assistant-review-officer/rules,explains,uppsc-review-officer-assistant-review-officer,record uppsc-review-officer-assistant-review-officer
ro aro signature size,exam-file-size,informational,en,1,/exam/uppsc-review-officer-assistant-review-officer/rules,explains,uppsc-review-officer-assistant-review-officer,record uppsc-review-officer-assistant-review-officer
rpf photo size,exam-file-size,informational,en,1,/exam/rpf-constable/rules,explains,rpf-constable,record rpf-constable
rpf si photo size,exam-file-size,informational,en,1,/exam/rpf-sub-inspector/rules,explains,rpf-sub-inspector,record rpf-sub-inspector
rpf si signature size,exam-file-size,informational,en,1,/exam/rpf-sub-inspector/rules,explains,rpf-sub-inspector,record rpf-sub-inspector
rpf signature size,exam-file-size,informational,en,1,/exam/rpf-constable/rules,explains,rpf-constable,record rpf-constable
rpsc photo size,exam-file-size,informational,en,1,/exam/rpsc-online-application/rules,explains,rpsc-online-application,record rpsc-online-application
rpsc signature size,exam-file-size,informational,en,1,/exam/rpsc-online-application/rules,explains,rpsc-online-application,record rpsc-online-application
rrb group d photo size,exam-file-size,informational,en,1,/exam/rrb-level-1-posts-cen-08-2024/rules,explains,rrb-level-1-posts-cen-08-2024,record rrb-level-1-posts-cen-08-2024
rrb group d signature size,exam-file-size,informational,en,1,/exam/rrb-level-1-posts-cen-08-2024/rules,explains,rrb-level-1-posts-cen-08-2024,record rrb-level-1-posts-cen-08-2024
rrb je signature size,exam-file-size,informational,en,1,/exam/rrb-je-dms-cma/rules,explains,rrb-je-dms-cma,record rrb-je-dms-cma
rrb junior engineer signature size,exam-file-size,informational,en,1,/exam/rrb-je-dms-cma/rules,explains,rrb-je-dms-cma,record rrb-je-dms-cma
rrb level 1 photo size,exam-file-size,informational,en,1,/exam/rrb-level-1-posts-cen-08-2024/rules,explains,rrb-level-1-posts-cen-08-2024,record rrb-level-1-posts-cen-08-2024
rrb level 1 signature size,exam-file-size,informational,en,1,/exam/rrb-level-1-posts-cen-08-2024/rules,explains,rrb-level-1-posts-cen-08-2024,record rrb-level-1-posts-cen-08-2024
rrb ministerial photo size,exam-file-size,informational,en,1,/exam/rrb-ministerial-and-isolated-categories/rules,explains,rrb-ministerial-and-isolated-categories,record rrb-ministerial-and-isolated-categories
rrb ministerial signature size,exam-file-size,informational,en,1,/exam/rrb-ministerial-and-isolated-categories/rules,explains,rrb-ministerial-and-isolated-categories,record rrb-ministerial-and-isolated-categories
rrb ntpc photo size,exam-file-size,informational,en,1,/exam/rrb-ntpc-graduate-cen-05-2024/rules,explains,rrb-ntpc-graduate-cen-05-2024,record rrb-ntpc-graduate-cen-05-2024
rrb ntpc signature size,exam-file-size,informational,en,1,/exam/rrb-ntpc-graduate-cen-05-2024/rules,explains,rrb-ntpc-graduate-cen-05-2024,record rrb-ntpc-graduate-cen-05-2024
rrb paramedical signature size,exam-file-size,informational,en,1,/exam/rrb-paramedical-categories/rules,explains,rrb-paramedical-categories,record rrb-paramedical-categories
rsmssb grade iv signature size,exam-file-size,informational,en,1,/exam/rajasthan-grade-iv-recruitment/rules,explains,rajasthan-grade-iv-recruitment,record rajasthan-grade-iv-recruitment
rssb cet graduate level signature size,exam-file-size,informational,en,1,/exam/rajasthan-cet-graduate-level/rules,explains,rajasthan-cet-graduate-level,record rajasthan-cet-graduate-level
rssb cet senior secondary signature size,exam-file-size,informational,en,1,/exam/rajasthan-cet-senior-secondary-level/rules,explains,rajasthan-cet-senior-secondary-level,record rajasthan-cet-senior-secondary-level
rssb grade iv signature size,exam-file-size,informational,en,1,/exam/rajasthan-grade-iv-recruitment/rules,explains,rajasthan-grade-iv-recruitment,record rajasthan-grade-iv-recruitment
rssb patwari signature size,exam-file-size,informational,en,1,/exam/rajasthan-patwari-recruitment/rules,explains,rajasthan-patwari-recruitment,record rajasthan-patwari-recruitment
sainik school entrance photo size,exam-file-size,informational,en,1,/exam/all-india-sainik-schools-entrance-examination/rules,explains,all-india-sainik-schools-entrance-examination,record all-india-sainik-schools-entrance-examination
sainik school entrance signature size,exam-file-size,informational,en,1,/exam/all-india-sainik-schools-entrance-examination/rules,explains,all-india-sainik-schools-entrance-examination,record all-india-sainik-schools-entrance-examination
sbi clerk photo size,exam-file-size,informational,en,1,/exam/sbi-junior-associates-2025/rules,explains,sbi-junior-associates-2025,record sbi-junior-associates-2025
sbi clerk signature size,exam-file-size,informational,en,1,/exam/sbi-junior-associates-2025/rules,explains,sbi-junior-associates-2025,record sbi-junior-associates-2025
sbi ja photo size,exam-file-size,informational,en,1,/exam/sbi-junior-associates-2025/rules,explains,sbi-junior-associates-2025,record sbi-junior-associates-2025
sbi ja signature size,exam-file-size,informational,en,1,/exam/sbi-junior-associates-2025/rules,explains,sbi-junior-associates-2025,record sbi-junior-associates-2025
sbi junior associate photo size,exam-file-size,informational,en,1,/exam/sbi-junior-associates-2025/rules,explains,sbi-junior-associates-2025,record sbi-junior-associates-2025
sbi junior associate signature size,exam-file-size,informational,en,1,/exam/sbi-junior-associates-2025/rules,explains,sbi-junior-associates-2025,record sbi-junior-associates-2025
sbi po photo size,exam-file-size,informational,en,1,/exam/sbi-probationary-officers-2025/rules,explains,sbi-probationary-officers-2025,record sbi-probationary-officers-2025
sbi po signature size,exam-file-size,informational,en,1,/exam/sbi-probationary-officers-2025/rules,explains,sbi-probationary-officers-2025,record sbi-probationary-officers-2025
sbi probationary officer photo size,exam-file-size,informational,en,1,/exam/sbi-probationary-officers-2025/rules,explains,sbi-probationary-officers-2025,record sbi-probationary-officers-2025
sbi probationary officer signature size,exam-file-size,informational,en,1,/exam/sbi-probationary-officers-2025/rules,explains,sbi-probationary-officers-2025,record sbi-probationary-officers-2025
selection post phase 13 signature size,exam-file-size,informational,en,1,/exam/ssc-selection-post-phase-xiii/rules,explains,ssc-selection-post-phase-xiii,record ssc-selection-post-phase-xiii
slst photo size,exam-file-size,informational,en,1,/exam/west-bengal-school-service-commission-slst-assistant-teacher-recruitment/rules,explains,west-bengal-school-service-commission-slst-assistant-teacher-recruitment,record west-bengal-school-service-commission-slst-assistant-teacher-recruitment
ssc 10+2 photo size,exam-file-size,informational,en,1,/exam/ssc-combined-higher-secondary-10-2-level-examination-2025-live-capture/rules,explains,ssc-combined-higher-secondary-10-2-level-examination-2025-live-capture,record ssc-combined-higher-secondary-10-2-level-examination-2025-live-capture
ssc 10+2 signature size,exam-file-size,informational,en,1,/exam/ssc-combined-higher-secondary-10-2-level-examination-2025-live-capture/rules,explains,ssc-combined-higher-secondary-10-2-level-examination-2025-live-capture,record ssc-combined-higher-secondary-10-2-level-examination-2025-live-capture
ssc cgl photo size,exam-file-size,informational,en,1,/exam/ssc-combined-graduate-level-examination-2026-live-capture/rules,explains,ssc-combined-graduate-level-examination-2026-live-capture,record ssc-combined-graduate-level-examination-2026-live-capture
ssc cgl signature size,exam-file-size,informational,en,1,/exam/ssc-combined-graduate-level-examination-2026-live-capture/rules,explains,ssc-combined-graduate-level-examination-2026-live-capture,record ssc-combined-graduate-level-examination-2026-live-capture
ssc chsl photo size,exam-file-size,informational,en,1,/exam/ssc-combined-higher-secondary-10-2-level-examination-2025-live-capture/rules,explains,ssc-combined-higher-secondary-10-2-level-examination-2025-live-capture,record ssc-combined-higher-secondary-10-2-level-examination-2025-live-capture
ssc chsl signature size,exam-file-size,informational,en,1,/exam/ssc-combined-higher-secondary-10-2-level-examination-2025-live-capture/rules,explains,ssc-combined-higher-secondary-10-2-level-examination-2025-live-capture,record ssc-combined-higher-secondary-10-2-level-examination-2025-live-capture
ssc constable gd photo size,exam-file-size,informational,en,1,/exam/ssc-constable-gd-examination-2025-live-capture/rules,explains,ssc-constable-gd-examination-2025-live-capture,record ssc-constable-gd-examination-2025-live-capture
ssc constable gd signature size,exam-file-size,informational,en,1,/exam/ssc-constable-gd-examination-2025-live-capture/rules,explains,ssc-constable-gd-examination-2025-live-capture,record ssc-constable-gd-examination-2025-live-capture
ssc cpo signature size,exam-file-size,informational,en,1,/exam/ssc-sub-inspector-in-delhi-police-and-capfs-examination/rules,explains,ssc-sub-inspector-in-delhi-police-and-capfs-examination,record ssc-sub-inspector-in-delhi-police-and-capfs-examination
ssc gd photo size,exam-file-size,informational,en,1,/exam/ssc-constable-gd-examination-2025-live-capture/rules,explains,ssc-constable-gd-examination-2025-live-capture,record ssc-constable-gd-examination-2025-live-capture
ssc gd signature size,exam-file-size,informational,en,1,/exam/ssc-constable-gd-examination-2025-live-capture/rules,explains,ssc-constable-gd-examination-2025-live-capture,record ssc-constable-gd-examination-2025-live-capture
ssc havaldar photo size,exam-file-size,informational,en,1,/exam/ssc-multi-tasking-staff-and-havaldar-examination-2025-live-capture/rules,explains,ssc-multi-tasking-staff-and-havaldar-examination-2025-live-capture,record ssc-multi-tasking-staff-and-havaldar-examination-2025-live-capture
ssc havaldar signature size,exam-file-size,informational,en,1,/exam/ssc-multi-tasking-staff-and-havaldar-examination-2025-live-capture/rules,explains,ssc-multi-tasking-staff-and-havaldar-examination-2025-live-capture,record ssc-multi-tasking-staff-and-havaldar-examination-2025-live-capture
ssc je signature size,exam-file-size,informational,en,1,/exam/ssc-junior-engineer-examination/rules,explains,ssc-junior-engineer-examination,record ssc-junior-engineer-examination
ssc junior engineer signature size,exam-file-size,informational,en,1,/exam/ssc-junior-engineer-examination/rules,explains,ssc-junior-engineer-examination,record ssc-junior-engineer-examination
ssc mts photo size,exam-file-size,informational,en,1,/exam/ssc-multi-tasking-staff-and-havaldar-examination-2025-live-capture/rules,explains,ssc-multi-tasking-staff-and-havaldar-examination-2025-live-capture,record ssc-multi-tasking-staff-and-havaldar-examination-2025-live-capture
ssc mts signature size,exam-file-size,informational,en,1,/exam/ssc-multi-tasking-staff-and-havaldar-examination-2025-live-capture/rules,explains,ssc-multi-tasking-staff-and-havaldar-examination-2025-live-capture,record ssc-multi-tasking-staff-and-havaldar-examination-2025-live-capture
ssc phase 13 signature size,exam-file-size,informational,en,1,/exam/ssc-selection-post-phase-xiii/rules,explains,ssc-selection-post-phase-xiii,record ssc-selection-post-phase-xiii
ssc selection post signature size,exam-file-size,informational,en,1,/exam/ssc-selection-post-phase-xiii/rules,explains,ssc-selection-post-phase-xiii,record ssc-selection-post-phase-xiii
ssc si signature size,exam-file-size,informational,en,1,/exam/ssc-sub-inspector-in-delhi-police-and-capfs-examination/rules,explains,ssc-sub-inspector-in-delhi-police-and-capfs-examination,record ssc-sub-inspector-in-delhi-police-and-capfs-examination
ssc steno signature size,exam-file-size,informational,en,1,/exam/ssc-stenographer-grade-c-d-examination/rules,explains,ssc-stenographer-grade-c-d-examination,record ssc-stenographer-grade-c-d-examination
ssc stenographer signature size,exam-file-size,informational,en,1,/exam/ssc-stenographer-grade-c-d-examination/rules,explains,ssc-stenographer-grade-c-d-examination,record ssc-stenographer-grade-c-d-examination
stet bihar photo size,exam-file-size,informational,en,1,/exam/bihar-secondary-teacher-eligibility-test/rules,explains,bihar-secondary-teacher-eligibility-test,record bihar-secondary-teacher-eligibility-test
stet bihar signature size,exam-file-size,informational,en,1,/exam/bihar-secondary-teacher-eligibility-test/rules,explains,bihar-secondary-teacher-eligibility-test,record bihar-secondary-teacher-eligibility-test
telangana dsc photo size,exam-file-size,informational,en,1,/exam/telangana-dsc-teacher-recruitment/rules,explains,telangana-dsc-teacher-recruitment,record telangana-dsc-teacher-recruitment
telangana dsc signature size,exam-file-size,informational,en,1,/exam/telangana-dsc-teacher-recruitment/rules,explains,telangana-dsc-teacher-recruitment,record telangana-dsc-teacher-recruitment
telangana eamcet photo size,exam-file-size,informational,en,1,/exam/tg-eapcet/rules,explains,tg-eapcet,record tg-eapcet
telangana eamcet signature size,exam-file-size,informational,en,1,/exam/tg-eapcet/rules,explains,tg-eapcet,record tg-eapcet
telangana group i photo size,exam-file-size,informational,en,1,/exam/tgpsc-group-i-services-examination/rules,explains,tgpsc-group-i-services-examination,record tgpsc-group-i-services-examination
telangana group i signature size,exam-file-size,informational,en,1,/exam/tgpsc-group-i-services-examination/rules,explains,tgpsc-group-i-services-examination,record tgpsc-group-i-services-examination
telangana group ii photo size,exam-file-size,informational,en,1,/exam/tgpsc-group-ii-services-examination/rules,explains,tgpsc-group-ii-services-examination,record tgpsc-group-ii-services-examination
telangana group ii signature size,exam-file-size,informational,en,1,/exam/tgpsc-group-ii-services-examination/rules,explains,tgpsc-group-ii-services-examination,record tgpsc-group-ii-services-examination
telangana group iii photo size,exam-file-size,informational,en,1,/exam/tgpsc-group-iii-services-examination/rules,explains,tgpsc-group-iii-services-examination,record tgpsc-group-iii-services-examination
telangana group iii signature size,exam-file-size,informational,en,1,/exam/tgpsc-group-iii-services-examination/rules,explains,tgpsc-group-iii-services-examination,record tgpsc-group-iii-services-examination
telangana group iv photo size,exam-file-size,informational,en,1,/exam/tspsc-group-iv-services/rules,explains,tspsc-group-iv-services,record tspsc-group-iv-services
telangana group iv signature size,exam-file-size,informational,en,1,/exam/tspsc-group-iv-services/rules,explains,tspsc-group-iv-services,record tspsc-group-iv-services
telangana polytechnic photo size,exam-file-size,informational,en,1,/exam/tg-ts-polycet/rules,explains,tg-ts-polycet,record tg-ts-polycet
telangana polytechnic signature size,exam-file-size,informational,en,1,/exam/tg-ts-polycet/rules,explains,tg-ts-polycet,record tg-ts-polycet
telangana tet photo size,exam-file-size,informational,en,1,/exam/telangana-teacher-eligibility-test-tg-tet/rules,explains,telangana-teacher-eligibility-test-tg-tet,record telangana-teacher-eligibility-test-tg-tet
telangana tet signature size,exam-file-size,informational,en,1,/exam/telangana-teacher-eligibility-test-tg-tet/rules,explains,telangana-teacher-eligibility-test-tg-tet,record telangana-teacher-eligibility-test-tg-tet
tg dsc photo size,exam-file-size,informational,en,1,/exam/telangana-dsc-teacher-recruitment/rules,explains,telangana-dsc-teacher-recruitment,record telangana-dsc-teacher-recruitment
tg dsc signature size,exam-file-size,informational,en,1,/exam/telangana-dsc-teacher-recruitment/rules,explains,telangana-dsc-teacher-recruitment,record telangana-dsc-teacher-recruitment
tg polycet photo size,exam-file-size,informational,en,1,/exam/tg-ts-polycet/rules,explains,tg-ts-polycet,record tg-ts-polycet
tg polycet signature size,exam-file-size,informational,en,1,/exam/tg-ts-polycet/rules,explains,tg-ts-polycet,record tg-ts-polycet
tg tet photo size,exam-file-size,informational,en,1,/exam/telangana-teacher-eligibility-test-tg-tet/rules,explains,telangana-teacher-eligibility-test-tg-tet,record telangana-teacher-eligibility-test-tg-tet
tg tet signature size,exam-file-size,informational,en,1,/exam/telangana-teacher-eligibility-test-tg-tet/rules,explains,telangana-teacher-eligibility-test-tg-tet,record telangana-teacher-eligibility-test-tg-tet
tgpsc group 1 photo size,exam-file-size,informational,en,1,/exam/tgpsc-group-i-services-examination/rules,explains,tgpsc-group-i-services-examination,record tgpsc-group-i-services-examination
tgpsc group 1 signature size,exam-file-size,informational,en,1,/exam/tgpsc-group-i-services-examination/rules,explains,tgpsc-group-i-services-examination,record tgpsc-group-i-services-examination
tgpsc group 2 photo size,exam-file-size,informational,en,1,/exam/tgpsc-group-ii-services-examination/rules,explains,tgpsc-group-ii-services-examination,record tgpsc-group-ii-services-examination
tgpsc group 2 signature size,exam-file-size,informational,en,1,/exam/tgpsc-group-ii-services-examination/rules,explains,tgpsc-group-ii-services-examination,record tgpsc-group-ii-services-examination
tgpsc group 3 photo size,exam-file-size,informational,en,1,/exam/tgpsc-group-iii-services-examination/rules,explains,tgpsc-group-iii-services-examination,record tgpsc-group-iii-services-examination
tgpsc group 3 signature size,exam-file-size,informational,en,1,/exam/tgpsc-group-iii-services-examination/rules,explains,tgpsc-group-iii-services-examination,record tgpsc-group-iii-services-examination
tnpsc ccse iv photo size,exam-file-size,informational,en,1,/exam/tnpsc-combined-civil-services-examination-iv-group-iv-services/rules,explains,tnpsc-combined-civil-services-examination-iv-group-iv-services,record tnpsc-combined-civil-services-examination-iv-group-iv-services
tnpsc ccse iv signature size,exam-file-size,informational,en,1,/exam/tnpsc-combined-civil-services-examination-iv-group-iv-services/rules,explains,tnpsc-combined-civil-services-examination-iv-group-iv-services,record tnpsc-combined-civil-services-examination-iv-group-iv-services
tnpsc combined technical services photo size,exam-file-size,informational,en,1,/exam/tnpsc-combined-technical-services-examination-2025/rules,explains,tnpsc-combined-technical-services-examination-2025,record tnpsc-combined-technical-services-examination-2025
tnpsc combined technical services signature size,exam-file-size,informational,en,1,/exam/tnpsc-combined-technical-services-examination-2025/rules,explains,tnpsc-combined-technical-services-examination-2025,record tnpsc-combined-technical-services-examination-2025
tnpsc cts photo size,exam-file-size,informational,en,1,/exam/tnpsc-combined-technical-services-examination-2025/rules,explains,tnpsc-combined-technical-services-examination-2025,record tnpsc-combined-technical-services-examination-2025
tnpsc cts signature size,exam-file-size,informational,en,1,/exam/tnpsc-combined-technical-services-examination-2025/rules,explains,tnpsc-combined-technical-services-examination-2025,record tnpsc-combined-technical-services-examination-2025
tnpsc group 1 photo size,exam-file-size,informational,en,1,/exam/tnpsc-combined-civil-services-examination-i-group-i/rules,explains,tnpsc-combined-civil-services-examination-i-group-i,record tnpsc-combined-civil-services-examination-i-group-i
tnpsc group 1 signature size,exam-file-size,informational,en,1,/exam/tnpsc-combined-civil-services-examination-i-group-i/rules,explains,tnpsc-combined-civil-services-examination-i-group-i,record tnpsc-combined-civil-services-examination-i-group-i
tnpsc group 2 photo size,exam-file-size,informational,en,1,/exam/tnpsc-combined-civil-services-examination-ii-group-ii-iia/rules,explains,tnpsc-combined-civil-services-examination-ii-group-ii-iia,record tnpsc-combined-civil-services-examination-ii-group-ii-iia
tnpsc group 2 signature size,exam-file-size,informational,en,1,/exam/tnpsc-combined-civil-services-examination-ii-group-ii-iia/rules,explains,tnpsc-combined-civil-services-examination-ii-group-ii-iia,record tnpsc-combined-civil-services-examination-ii-group-ii-iia
tnpsc group 2a photo size,exam-file-size,informational,en,1,/exam/tnpsc-combined-civil-services-examination-ii-group-ii-iia/rules,explains,tnpsc-combined-civil-services-examination-ii-group-ii-iia,record tnpsc-combined-civil-services-examination-ii-group-ii-iia
tnpsc group 2a signature size,exam-file-size,informational,en,1,/exam/tnpsc-combined-civil-services-examination-ii-group-ii-iia/rules,explains,tnpsc-combined-civil-services-examination-ii-group-ii-iia,record tnpsc-combined-civil-services-examination-ii-group-ii-iia
tnpsc group 4 photo size,exam-file-size,informational,en,1,/exam/tnpsc-combined-civil-services-examination-iv-group-iv-services/rules,explains,tnpsc-combined-civil-services-examination-iv-group-iv-services,record tnpsc-combined-civil-services-examination-iv-group-iv-services
tnpsc group 4 signature size,exam-file-size,informational,en,1,/exam/tnpsc-combined-civil-services-examination-iv-group-iv-services/rules,explains,tnpsc-combined-civil-services-examination-iv-group-iv-services,record tnpsc-combined-civil-services-examination-iv-group-iv-services
tnpsc group i photo size,exam-file-size,informational,en,1,/exam/tnpsc-combined-civil-services-examination-i-group-i/rules,explains,tnpsc-combined-civil-services-examination-i-group-i,record tnpsc-combined-civil-services-examination-i-group-i
tnpsc group i signature size,exam-file-size,informational,en,1,/exam/tnpsc-combined-civil-services-examination-i-group-i/rules,explains,tnpsc-combined-civil-services-examination-i-group-i,record tnpsc-combined-civil-services-examination-i-group-i
tnpsc group ii photo size,exam-file-size,informational,en,1,/exam/tnpsc-combined-civil-services-examination-ii-group-ii-iia/rules,explains,tnpsc-combined-civil-services-examination-ii-group-ii-iia,record tnpsc-combined-civil-services-examination-ii-group-ii-iia
tnpsc group ii signature size,exam-file-size,informational,en,1,/exam/tnpsc-combined-civil-services-examination-ii-group-ii-iia/rules,explains,tnpsc-combined-civil-services-examination-ii-group-ii-iia,record tnpsc-combined-civil-services-examination-ii-group-ii-iia
tnpsc group iv photo size,exam-file-size,informational,en,1,/exam/tnpsc-combined-civil-services-examination-iv-group-iv-services/rules,explains,tnpsc-combined-civil-services-examination-iv-group-iv-services,record tnpsc-combined-civil-services-examination-iv-group-iv-services
tnpsc group iv signature size,exam-file-size,informational,en,1,/exam/tnpsc-combined-civil-services-examination-iv-group-iv-services/rules,explains,tnpsc-combined-civil-services-examination-iv-group-iv-services,record tnpsc-combined-civil-services-examination-iv-group-iv-services
ts dsc photo size,exam-file-size,informational,en,1,/exam/telangana-dsc-teacher-recruitment/rules,explains,telangana-dsc-teacher-recruitment,record telangana-dsc-teacher-recruitment
ts dsc signature size,exam-file-size,informational,en,1,/exam/telangana-dsc-teacher-recruitment/rules,explains,telangana-dsc-teacher-recruitment,record telangana-dsc-teacher-recruitment
ts eamcet photo size,exam-file-size,informational,en,1,/exam/tg-eapcet/rules,explains,tg-eapcet,record tg-eapcet
ts eamcet signature size,exam-file-size,informational,en,1,/exam/tg-eapcet/rules,explains,tg-eapcet,record tg-eapcet
ts polycet photo size,exam-file-size,informational,en,1,/exam/tg-ts-polycet/rules,explains,tg-ts-polycet,record tg-ts-polycet
ts polycet signature size,exam-file-size,informational,en,1,/exam/tg-ts-polycet/rules,explains,tg-ts-polycet,record tg-ts-polycet
ts tet photo size,exam-file-size,informational,en,1,/exam/telangana-teacher-eligibility-test-tg-tet/rules,explains,telangana-teacher-eligibility-test-tg-tet,record telangana-teacher-eligibility-test-tg-tet
ts tet signature size,exam-file-size,informational,en,1,/exam/telangana-teacher-eligibility-test-tg-tet/rules,explains,telangana-teacher-eligibility-test-tg-tet,record telangana-teacher-eligibility-test-tg-tet
tspsc group 1 photo size,exam-file-size,informational,en,1,/exam/tgpsc-group-i-services-examination/rules,explains,tgpsc-group-i-services-examination,record tgpsc-group-i-services-examination
tspsc group 1 signature size,exam-file-size,informational,en,1,/exam/tgpsc-group-i-services-examination/rules,explains,tgpsc-group-i-services-examination,record tgpsc-group-i-services-examination
tspsc group 2 photo size,exam-file-size,informational,en,1,/exam/tgpsc-group-ii-services-examination/rules,explains,tgpsc-group-ii-services-examination,record tgpsc-group-ii-services-examination
tspsc group 2 signature size,exam-file-size,informational,en,1,/exam/tgpsc-group-ii-services-examination/rules,explains,tgpsc-group-ii-services-examination,record tgpsc-group-ii-services-examination
tspsc group 3 photo size,exam-file-size,informational,en,1,/exam/tgpsc-group-iii-services-examination/rules,explains,tgpsc-group-iii-services-examination,record tgpsc-group-iii-services-examination
tspsc group 3 signature size,exam-file-size,informational,en,1,/exam/tgpsc-group-iii-services-examination/rules,explains,tgpsc-group-iii-services-examination,record tgpsc-group-iii-services-examination
tspsc group 4 photo size,exam-file-size,informational,en,1,/exam/tspsc-group-iv-services/rules,explains,tspsc-group-iv-services,record tspsc-group-iv-services
tspsc group 4 signature size,exam-file-size,informational,en,1,/exam/tspsc-group-iv-services/rules,explains,tspsc-group-iv-services,record tspsc-group-iv-services
ugc net photo size,exam-file-size,informational,en,1,/exam/ugc-net-june-2026/rules,explains,ugc-net-june-2026,record ugc-net-june-2026
ugc net signature size,exam-file-size,informational,en,1,/exam/ugc-net-june-2026/rules,explains,ugc-net-june-2026,record ugc-net-june-2026
up bed jee photo size,exam-file-size,informational,en,1,/exam/up-b-ed-joint-entrance-examination/rules,explains,up-b-ed-joint-entrance-examination,record up-b-ed-joint-entrance-examination
up bed jee signature size,exam-file-size,informational,en,1,/exam/up-b-ed-joint-entrance-examination/rules,explains,up-b-ed-joint-entrance-examination,record up-b-ed-joint-entrance-examination
up bed photo size,exam-file-size,informational,en,1,/exam/up-b-ed-joint-entrance-examination/rules,explains,up-b-ed-joint-entrance-examination,record up-b-ed-joint-entrance-examination
up bed signature size,exam-file-size,informational,en,1,/exam/up-b-ed-joint-entrance-examination/rules,explains,up-b-ed-joint-entrance-examination,record up-b-ed-joint-entrance-examination
up constable signature size,exam-file-size,informational,en,1,/exam/uttar-pradesh-police-constable-recruitment/rules,explains,uttar-pradesh-police-constable-recruitment,record uttar-pradesh-police-constable-recruitment
up pcs photo size,exam-file-size,informational,en,1,/exam/uppsc-combined-state-upper-subordinate-services-examination-pcs/rules,explains,uppsc-combined-state-upper-subordinate-services-examination-pcs,record uppsc-combined-state-upper-subordinate-services-examination-pcs
up pcs signature size,exam-file-size,informational,en,1,/exam/uppsc-combined-state-upper-subordinate-services-examination-pcs/rules,explains,uppsc-combined-state-upper-subordinate-services-examination-pcs,record uppsc-combined-state-upper-subordinate-services-examination-pcs
up pet photo size,exam-file-size,informational,en,1,/exam/upsssc-preliminary-eligibility-test-pet/rules,explains,upsssc-preliminary-eligibility-test-pet,record upsssc-preliminary-eligibility-test-pet
up pet signature size,exam-file-size,informational,en,1,/exam/upsssc-preliminary-eligibility-test-pet/rules,explains,upsssc-preliminary-eligibility-test-pet,record upsssc-preliminary-eligibility-test-pet
up police constable signature size,exam-file-size,informational,en,1,/exam/uttar-pradesh-police-constable-recruitment/rules,explains,uttar-pradesh-police-constable-recruitment,record uttar-pradesh-police-constable-recruitment
up police signature size,exam-file-size,informational,en,1,/exam/uttar-pradesh-police-constable-recruitment/rules,explains,uttar-pradesh-police-constable-recruitment,record uttar-pradesh-police-constable-recruitment
up polytechnic photo size,exam-file-size,informational,en,1,/exam/joint-entrance-examination-council-uttar-pradesh-polytechnic-entrance/rules,explains,joint-entrance-examination-council-uttar-pradesh-polytechnic-entrance,record joint-entrance-examination-council-uttar-pradesh-polytechnic-entrance
up polytechnic signature size,exam-file-size,informational,en,1,/exam/joint-entrance-examination-council-uttar-pradesh-polytechnic-entrance/rules,explains,joint-entrance-examination-council-uttar-pradesh-polytechnic-entrance,record joint-entrance-examination-council-uttar-pradesh-polytechnic-entrance
up review officer photo size,exam-file-size,informational,en,1,/exam/uppsc-review-officer-assistant-review-officer/rules,explains,uppsc-review-officer-assistant-review-officer,record uppsc-review-officer-assistant-review-officer
up review officer signature size,exam-file-size,informational,en,1,/exam/uppsc-review-officer-assistant-review-officer/rules,explains,uppsc-review-officer-assistant-review-officer,record uppsc-review-officer-assistant-review-officer
upprpb signature size,exam-file-size,informational,en,1,/exam/uttar-pradesh-police-constable-recruitment/rules,explains,uttar-pradesh-police-constable-recruitment,record uttar-pradesh-police-constable-recruitment
uppsc otr photo size,exam-file-size,informational,en,1,/exam/uppsc-one-time-registration/rules,explains,uppsc-one-time-registration,record uppsc-one-time-registration
uppsc otr signature size,exam-file-size,informational,en,1,/exam/uppsc-one-time-registration/rules,explains,uppsc-one-time-registration,record uppsc-one-time-registration
uppsc pcs photo size,exam-file-size,informational,en,1,/exam/uppsc-combined-state-upper-subordinate-services-examination-pcs/rules,explains,uppsc-combined-state-upper-subordinate-services-examination-pcs,record uppsc-combined-state-upper-subordinate-services-examination-pcs
uppsc pcs signature size,exam-file-size,informational,en,1,/exam/uppsc-combined-state-upper-subordinate-services-examination-pcs/rules,explains,uppsc-combined-state-upper-subordinate-services-examination-pcs,record uppsc-combined-state-upper-subordinate-services-examination-pcs
uppsc photo size,exam-file-size,informational,en,1,/exam/uppsc-one-time-registration/rules,explains,uppsc-one-time-registration,record uppsc-one-time-registration
uppsc ro aro photo size,exam-file-size,informational,en,1,/exam/uppsc-review-officer-assistant-review-officer/rules,explains,uppsc-review-officer-assistant-review-officer,record uppsc-review-officer-assistant-review-officer
uppsc ro aro signature size,exam-file-size,informational,en,1,/exam/uppsc-review-officer-assistant-review-officer/rules,explains,uppsc-review-officer-assistant-review-officer,record uppsc-review-officer-assistant-review-officer
uppsc signature size,exam-file-size,informational,en,1,/exam/uppsc-one-time-registration/rules,explains,uppsc-one-time-registration,record uppsc-one-time-registration
upsc capf photo size,exam-file-size,informational,en,1,/exam/upsc-capf-assistant-commandants-examination-2026/rules,explains,upsc-capf-assistant-commandants-examination-2026,record upsc-capf-assistant-commandants-examination-2026
upsc capf signature size,exam-file-size,informational,en,1,/exam/upsc-capf-assistant-commandants-examination-2026/rules,explains,upsc-capf-assistant-commandants-examination-2026,record upsc-capf-assistant-commandants-examination-2026
upsc cds photo size,exam-file-size,informational,en,1,/exam/upsc-combined-defence-services-examination-ii-2026/rules,explains,upsc-combined-defence-services-examination-ii-2026,record upsc-combined-defence-services-examination-ii-2026
upsc cds signature size,exam-file-size,informational,en,1,/exam/upsc-combined-defence-services-examination-ii-2026/rules,explains,upsc-combined-defence-services-examination-ii-2026,record upsc-combined-defence-services-examination-ii-2026
upsc cse photo size,exam-file-size,informational,en,1,/exam/upsc-civil-services-examination-2026/rules,explains,upsc-civil-services-examination-2026,record upsc-civil-services-examination-2026
upsc cse signature size,exam-file-size,informational,en,1,/exam/upsc-civil-services-examination-2026/rules,explains,upsc-civil-services-examination-2026,record upsc-civil-services-examination-2026
upsc ese photo size,exam-file-size,informational,en,1,/exam/upsc-engineering-services-examination/rules,explains,upsc-engineering-services-examination,record upsc-engineering-services-examination
upsc ese signature size,exam-file-size,informational,en,1,/exam/upsc-engineering-services-examination/rules,explains,upsc-engineering-services-examination,record upsc-engineering-services-examination
upsc nda photo size,exam-file-size,informational,en,1,/exam/upsc-nda-na-examination-ii-2026/rules,explains,upsc-nda-na-examination-ii-2026,record upsc-nda-na-examination-ii-2026
upsc nda signature size,exam-file-size,informational,en,1,/exam/upsc-nda-na-examination-ii-2026/rules,explains,upsc-nda-na-examination-ii-2026,record upsc-nda-na-examination-ii-2026
upsc prelims photo size,exam-file-size,informational,en,1,/exam/upsc-civil-services-examination-2026/rules,explains,upsc-civil-services-examination-2026,record upsc-civil-services-examination-2026
upsc prelims signature size,exam-file-size,informational,en,1,/exam/upsc-civil-services-examination-2026/rules,explains,upsc-civil-services-examination-2026,record upsc-civil-services-examination-2026
upsssc pet photo size,exam-file-size,informational,en,1,/exam/upsssc-preliminary-eligibility-test-pet/rules,explains,upsssc-preliminary-eligibility-test-pet,record upsssc-preliminary-eligibility-test-pet
upsssc pet signature size,exam-file-size,informational,en,1,/exam/upsssc-preliminary-eligibility-test-pet/rules,explains,upsssc-preliminary-eligibility-test-pet,record upsssc-preliminary-eligibility-test-pet
vyapam pre bed photo size,exam-file-size,informational,en,1,/exam/cg-vyapam-pre-b-ed-entrance-examination/rules,explains,cg-vyapam-pre-b-ed-entrance-examination,record cg-vyapam-pre-b-ed-entrance-examination
vyapam pre bed signature size,exam-file-size,informational,en,1,/exam/cg-vyapam-pre-b-ed-entrance-examination/rules,explains,cg-vyapam-pre-b-ed-entrance-examination,record cg-vyapam-pre-b-ed-entrance-examination
wb primary tet photo size,exam-file-size,informational,en,1,/exam/west-bengal-primary-teacher-eligibility-test/rules,explains,west-bengal-primary-teacher-eligibility-test,record west-bengal-primary-teacher-eligibility-test
wb primary tet signature size,exam-file-size,informational,en,1,/exam/west-bengal-primary-teacher-eligibility-test/rules,explains,west-bengal-primary-teacher-eligibility-test,record west-bengal-primary-teacher-eligibility-test
wb tet photo size,exam-file-size,informational,en,1,/exam/west-bengal-primary-teacher-eligibility-test/rules,explains,west-bengal-primary-teacher-eligibility-test,record west-bengal-primary-teacher-eligibility-test
wb tet signature size,exam-file-size,informational,en,1,/exam/west-bengal-primary-teacher-eligibility-test/rules,explains,west-bengal-primary-teacher-eligibility-test,record west-bengal-primary-teacher-eligibility-test
wbcs photo size,exam-file-size,informational,en,1,/exam/wbpsc-wbcs-online-application/rules,explains,wbpsc-wbcs-online-application,record wbpsc-wbcs-online-application
wbcs signature size,exam-file-size,informational,en,1,/exam/wbpsc-wbcs-online-application/rules,explains,wbpsc-wbcs-online-application,record wbpsc-wbcs-online-application
wbjee photo size,exam-file-size,informational,en,1,/exam/wbjee-2026/rules,explains,wbjee-2026,record wbjee-2026
wbjee signature size,exam-file-size,informational,en,1,/exam/wbjee-2026/rules,explains,wbjee-2026,record wbjee-2026
wbpsc photo size,exam-file-size,informational,en,1,/exam/wbpsc-wbcs-online-application/rules,explains,wbpsc-wbcs-online-application,record wbpsc-wbcs-online-application
wbpsc signature size,exam-file-size,informational,en,1,/exam/wbpsc-wbcs-online-application/rules,explains,wbpsc-wbcs-online-application,record wbpsc-wbcs-online-application
wbssc slst photo size,exam-file-size,informational,en,1,/exam/west-bengal-school-service-commission-slst-assistant-teacher-recruitment/rules,explains,west-bengal-school-service-commission-slst-assistant-teacher-recruitment,record west-bengal-school-service-commission-slst-assistant-teacher-recruitment
west bengal joint entrance examination photo size,exam-file-size,informational,en,1,/exam/wbjee-2026/rules,explains,wbjee-2026,record wbjee-2026
west bengal joint entrance examination signature size,exam-file-size,informational,en,1,/exam/wbjee-2026/rules,explains,wbjee-2026,record wbjee-2026
west bengal psc photo size,exam-file-size,informational,en,1,/exam/wbpsc-wbcs-online-application/rules,explains,wbpsc-wbcs-online-application,record wbpsc-wbcs-online-application
west bengal psc signature size,exam-file-size,informational,en,1,/exam/wbpsc-wbcs-online-application/rules,explains,wbpsc-wbcs-online-application,record wbpsc-wbcs-online-application
west bengal ssc teacher photo size,exam-file-size,informational,en,1,/exam/west-bengal-school-service-commission-slst-assistant-teacher-recruitment/rules,explains,west-bengal-school-service-commission-slst-assistant-teacher-recruitment,record west-bengal-school-service-commission-slst-assistant-teacher-recruitment
xat photo size,exam-file-size,informational,en,1,/exam/xavier-aptitude-test/rules,explains,xavier-aptitude-test,record xavier-aptitude-test
xat signature size,exam-file-size,informational,en,1,/exam/xavier-aptitude-test/rules,explains,xavier-aptitude-test,record xavier-aptitude-test
xlri xat photo size,exam-file-size,informational,en,1,/exam/xavier-aptitude-test/rules,explains,xavier-aptitude-test,record xavier-aptitude-test
xlri xat signature size,exam-file-size,informational,en,1,/exam/xavier-aptitude-test/rules,explains,xavier-aptitude-test,record xavier-aptitude-test
change photo background to white for exam form,generic-exam-form,tool,en,1,/,prepares,,the kit prepares these for every listed examination
exam photo editor,generic-exam-form,tool,en,1,/,prepares,,the kit prepares these for every listed examination
exam photo maker,generic-exam-form,tool,en,1,/,prepares,,the kit prepares these for every listed examination
exam photo resizer,generic-exam-form,tool,en,1,/,prepares,,the kit prepares these for every listed examination
government exam photo resize,generic-exam-form,tool,en,1,/,prepares,,the kit prepares these for every listed examination
handwritten declaration for online form,generic-exam-form,tool,en,1,/,prepares,,the kit prepares these for every listed examination
left thumb impression for online form,generic-exam-form,tool,en,1,/,prepares,,the kit prepares these for every listed examination
online form photo resizer,generic-exam-form,tool,en,1,/,prepares,,the kit prepares these for every listed examination
passport size photo for exam form,generic-exam-form,tool,en,1,/,prepares,,the kit prepares these for every listed examination
photo and signature resize for online form,generic-exam-form,tool,en,1,/,prepares,,the kit prepares these for every listed examination
photo and signature resizer,generic-exam-form,tool,en,1,/,prepares,,the kit prepares these for every listed examination
photo crop for exam form,generic-exam-form,tool,en,1,/,prepares,,the kit prepares these for every listed examination
photo resize for exam form,generic-exam-form,tool,en,1,/,prepares,,the kit prepares these for every listed examination
photo resize for govt exam,generic-exam-form,tool,en,1,/,prepares,,the kit prepares these for every listed examination
photo resize for online form,generic-exam-form,tool,en,1,/,prepares,,the kit prepares these for every listed examination
photo resize for sarkari form,generic-exam-form,tool,en,1,/,prepares,,the kit prepares these for every listed examination
remove background for exam photo,generic-exam-form,tool,en,1,/,prepares,,the kit prepares these for every listed examination
resize photo for application form,generic-exam-form,tool,en,1,/,prepares,,the kit prepares these for every listed examination
sarkari exam photo resize,generic-exam-form,tool,en,1,/,prepares,,the kit prepares these for every listed examination
signature resize for exam form,generic-exam-form,tool,en,1,/,prepares,,the kit prepares these for every listed examination
signature resize for online form,generic-exam-form,tool,en,1,/,prepares,,the kit prepares these for every listed examination
signature resizer,generic-exam-form,tool,en,1,/,prepares,,the kit prepares these for every listed examination
thumb impression resize,generic-exam-form,tool,en,1,/,prepares,,the kit prepares these for every listed examination
convert pdf page to image,pdf-convert,tool,en,1,/pdf,prepares,,the in-browser converter on /pdf
pdf to image,pdf-convert,tool,en,1,/pdf,prepares,,the in-browser converter on /pdf
pdf to jpg,pdf-convert,tool,en,1,/pdf,prepares,,the in-browser converter on /pdf
pdf to png,pdf-convert,tool,en,1,/pdf,prepares,,the in-browser converter on /pdf
compress photo to 100kb,spec-value,tool,en,1,/resize/photo-to-100kb,prepares,ctet-september-2026|kerala-engineering-architecture-medical-entrance-examination|osssc-combined-recruitment-examination|rrb-level-1-posts-cen-08-2024|wbpsc-wbcs-online-application,"published by 5 records: ctet-september-2026, kerala-engineering-architecture-medical-entrance-examination, osssc-combined-recruitment-examination, rrb-level-1-posts-cen-08-2024, wbpsc-wbcs-online-application"
compress photo to 200kb,spec-value,tool,en,1,/resize/photo-to-200kb,prepares,cuet-pg-2026|cuet-ug-2026|jee-main-2026|joint-csir-ugc-net|karnataka-psc-online-application|neet-ug-2026|ugc-net-june-2026|upsc-capf-assistant-commandants-examination-2026|upsc-civil-services-examination-2026|upsc-combined-defence-services-examination-ii-2026|upsc-nda-na-examination-ii-2026|wbjee-2026,"published by 12 records: cuet-pg-2026, cuet-ug-2026, jee-main-2026, joint-csir-ugc-net, karnataka-psc-online-application, neet-ug-2026, …"
compress photo to 50kb,spec-value,tool,en,1,/resize/photo-to-50kb,prepares,gic-assistant-manager-2024-25|ibps-crp-customer-service-associates-xv|ibps-crp-po-mt-xvi|ibps-crp-regional-rural-banks-xiv|ibps-crp-specialist-officers-xvi|icai-examination-portal|icsi-student-registration-and-examination|karnataka-common-entrance-test-2026|lic-assistant-administrative-officers-generalist-2025|management-aptitude-test-2026|mpsc-online-application|nabard-grade-a-2025|niacl-administrative-officers-2025|rbi-assistant-panel-year-2025|rbi-officers-in-grade-b-2026|rrb-ntpc-graduate-cen-05-2024|sbi-junior-associates-2025|sbi-probationary-officers-2025|tnpsc-combined-civil-services-examination-i-group-i|tnpsc-combined-civil-services-examination-ii-group-ii-iia|tnpsc-combined-civil-services-examination-iv-group-iv-services|tnpsc-combined-technical-services-examination-2025|up-b-ed-joint-entrance-examination|xavier-aptitude-test,"published by 24 records: gic-assistant-manager-2024-25, ibps-crp-customer-service-associates-xv, ibps-crp-po-mt-xvi, ibps-crp-regional-rural-banks-xiv, ibps-crp-specialist-officers-xvi, icai-examination-portal, …"
compress signature to 100kb,spec-value,tool,en,1,/resize/signature-to-100kb,prepares,kerala-engineering-architecture-medical-entrance-examination|neet-ug-2026|upsc-capf-assistant-commandants-examination-2026|upsc-civil-services-examination-2026|upsc-combined-defence-services-examination-ii-2026|upsc-nda-na-examination-ii-2026,"published by 6 records: kerala-engineering-architecture-medical-entrance-examination, neet-ug-2026, upsc-capf-assistant-commandants-examination-2026, upsc-civil-services-examination-2026, upsc-combined-defence-services-examination-ii-2026, upsc-nda-na-examination-ii-2026"
compress signature to 20kb,spec-value,tool,en,1,/resize/signature-to-20kb,prepares,bpsc-online-application|bpsc-teacher-recruitment-examination-tre|bssc-second-inter-level-combined-competitive-examination|delhi-police-constable-executive|gic-assistant-manager-2024-25|ibps-crp-customer-service-associates-xv|ibps-crp-po-mt-xvi|ibps-crp-regional-rural-banks-xiv|ibps-crp-specialist-officers-xvi|icsi-student-registration-and-examination|jkssb-police-constable-recruitment|lic-assistant-administrative-officers-generalist-2025|management-aptitude-test-2026|nabard-grade-a-2025|niacl-administrative-officers-2025|rbi-assistant-panel-year-2025|rbi-officers-in-grade-b-2026|sbi-junior-associates-2025|sbi-probationary-officers-2025|ssc-combined-graduate-level-examination-2026-live-capture|ssc-combined-higher-secondary-10-2-level-examination-2025-live-capture|ssc-constable-gd-examination-2025-live-capture|ssc-junior-engineer-examination|ssc-multi-tasking-staff-and-havaldar-examination-2025-live-capture|ssc-selection-post-phase-xiii|ssc-stenographer-grade-c-d-examination|ssc-sub-inspector-in-delhi-police-and-capfs-examination|tnpsc-combined-civil-services-examination-iv-group-iv-services|tnpsc-combined-technical-services-examination-2025|wbpsc-wbcs-online-application|xavier-aptitude-test,"published by 31 records: bpsc-online-application, bpsc-teacher-recruitment-examination-tre, bssc-second-inter-level-combined-competitive-examination, delhi-police-constable-executive, gic-assistant-manager-2024-25, ibps-crp-customer-service-associates-xv, …"
compress signature to 50kb,spec-value,tool,en,1,/resize/signature-to-50kb,prepares,andhra-pradesh-teacher-eligibility-test|cuet-pg-2026|cuet-ug-2026|icai-examination-portal|karnataka-psc-online-application|mpsc-online-application|osssc-combined-recruitment-examination|rajasthan-cet-graduate-level|rajasthan-cet-senior-secondary-level|rajasthan-grade-iv-recruitment|rajasthan-patwari-recruitment|rrb-level-1-posts-cen-08-2024|up-b-ed-joint-entrance-examination|uttar-pradesh-police-constable-recruitment,"published by 14 records: andhra-pradesh-teacher-eligibility-test, cuet-pg-2026, cuet-ug-2026, icai-examination-portal, karnataka-psc-online-application, mpsc-online-application, …"
